insurer_id,name_ko,name_en,sector,foreign_branch,listed_in,disclosure_url,disclosure_access,status,observed_at,notes,in_current_assoc_list,home_url,home_access
hist-nonlife-mg,MG손해보험,,non_life,false,kidi_sitelink;dart_ind_6512;dart_ind_651_p2,,not_checked,verified_2_sources,2026-10-09T04:24:59Z,KIDI 링크·DART에는 있으나 KNIA 현행 회원/비회원 목록에 없음. 영업·계약이전 상태 미확인(예별손해보험과의 관계 포함) — 판매중지 상품·기존계약 약관은 분모 대상일 수 있음,false,,not_checked
hist-nonlife-carrot,캐롯손해보험,,non_life,false,kidi_sitelink;dart_ind_6512;dart_ind_651_p2,,not_checked,verified_2_sources,2026-10-09T04:24:59Z,KIDI 링크·DART에는 있으나 KNIA 현행 목록에 없음. 합병·소멸 여부 미확인,false,,not_checked
dart-df7015d9,"AioiNissayDowaInsuranceCo.,Ltd.","AioiNissayDowaInsuranceCo.,Ltd.",non_life,false,dart_ind_6512;dart_ind_651_p1,,not_checked,verified_1_source,2026-10-09T04:27:40Z,DART 기업개황 업종(651/6511/6512/652) 목록에만 있음. DART는 법인 등록 정보이며 보험업 허가·현행 영업을 증명하지 않음. 과거 법인·비보험사 포함 가능. 협회 현행 목록에 없음 — 과거 보험사(합병·청산·철수) 또는 미등재 회사 가능성; FSS 목록 복구 후 확인,false,,not_checked
dart-8c1526df,CARMIGNACINNOVATION,CARMIGNACINNOVATION,other,false,dart_ind_6512;dart_ind_651_p1,,not_checked,verified_1_source,2026-10-09T04:27:40Z,DART 기업개황 업종(651/6511/6512/652) 목록에만 있음. DART는 법인 등록 정보이며 보험업 허가·현행 영업을 증명하지 않음. 과거 법인·비보험사 포함 가능. 보험회사 아님 추정: 펀드(명칭상),false,,not_checked
dart-5432a9f4,"DajiaLifeInsuranceCo.,Ltd.","DajiaLifeInsuranceCo.,Ltd.",life,false,dart_ind_6511;dart_ind_651_p1,,not_checked,verified_1_source,2026-10-09T04:27:43Z,DART 기업개황 업종(651/6511/6512/652) 목록에만 있음. DART는 법인 등록 정보이며 보험업 허가·현행 영업을 증명하지 않음. 과거 법인·비보험사 포함 가능. 협회 현행 목록에 없음 — 과거 보험사(합병·청산·철수) 또는 미등재 회사 가능성; FSS 목록 복구 후 확인,false,,not_checked
dart-1f80b6c0,FIDELITYSELECTTECHNOLOGYPORTFOLIO,FIDELITYSELECTTECHNOLOGYPORTFOLIO,other,false,dart_ind_6512;dart_ind_651_p1,,not_checked,verified_1_source,2026-10-09T04:27:40Z,DART 기업개황 업종(651/6511/6512/652) 목록에만 있음. DART는 법인 등록 정보이며 보험업 허가·현행 영업을 증명하지 않음. 과거 법인·비보험사 포함 가능. 보험회사 아님 추정: 펀드(명칭상),false,,not_checked
dart-9027ec66,PCA생명보험,,life,false,dart_ind_6511;dart_ind_651_p1,,not_checked,verified_1_source,2026-10-09T04:27:43Z,DART 기업개황 업종(651/6511/6512/652) 목록에만 있음. DART는 법인 등록 정보이며 보험업 허가·현행 영업을 증명하지 않음. 과거 법인·비보험사 포함 가능. 협회 현행 목록에 없음 — 과거 보험사(합병·청산·철수) 또는 미등재 회사 가능성; FSS 목록 복구 후 확인,false,,not_checked
dart-847cc169,PYRAMISGROUPTRUSTFOREMPLOYEEBENEFITPLANS,PYRAMISGROUPTRUSTFOREMPLOYEEBENEFITPLANS,other,false,dart_ind_6512;dart_ind_651_p1,,not_checked,verified_1_source,2026-10-09T04:27:40Z,DART 기업개황 업종(651/6511/6512/652) 목록에만 있음. DART는 법인 등록 정보이며 보험업 허가·현행 영업을 증명하지 않음. 과거 법인·비보험사 포함 가능. 보험회사 아님 추정: 연기금 신탁(명칭상),false,,not_checked
dart-6e8bed3f,TheManufacturersLifeInsuranceCompany,TheManufacturersLifeInsuranceCompany,life,false,dart_ind_6511;dart_ind_651_p1,,not_checked,verified_1_source,2026-10-09T04:27:43Z,DART 기업개황 업종(651/6511/6512/652) 목록에만 있음. DART는 법인 등록 정보이며 보험업 허가·현행 영업을 증명하지 않음. 과거 법인·비보험사 포함 가능. 협회 현행 목록에 없음 — 과거 보험사(합병·청산·철수) 또는 미등재 회사 가능성; FSS 목록 복구 후 확인,false,,not_checked
dart-1eb5f533,국민생명보험,,life,false,dart_ind_6511;dart_ind_651_p1,,not_checked,verified_1_source,2026-10-09T04:27:43Z,DART 기업개황 업종(651/6511/6512/652) 목록에만 있음. DART는 법인 등록 정보이며 보험업 허가·현행 영업을 증명하지 않음. 과거 법인·비보험사 포함 가능. 협회 현행 목록에 없음 — 과거 보험사(합병·청산·철수) 또는 미등재 회사 가능성; FSS 목록 복구 후 확인,false,,not_checked
dart-592232da,그린손해보험,,non_life,false,dart_ind_6512;dart_ind_651_p1,,not_checked,verified_1_source,2026-10-09T04:27:40Z,DART 기업개황 업종(651/6511/6512/652) 목록에만 있음. DART는 법인 등록 정보이며 보험업 허가·현행 영업을 증명하지 않음. 과거 법인·비보험사 포함 가능. 협회 현행 목록에 없음 — 과거 보험사(합병·청산·철수) 또는 미등재 회사 가능성; FSS 목록 복구 후 확인,false,,not_checked
dart-f06d9f87,금호산업개발,,other,false,dart_ind_6512;dart_ind_651_p1,,not_checked,verified_1_source,2026-10-09T04:27:40Z,DART 기업개황 업종(651/6511/6512/652) 목록에만 있음. DART는 법인 등록 정보이며 보험업 허가·현행 영업을 증명하지 않음. 과거 법인·비보험사 포함 가능. 보험회사 아님 추정: 비보험 법인(명칭상),false,,not_checked
dart-c3133e67,기술보증기금,,other,false,dart_ind_6512;dart_ind_651_p1,,not_checked,verified_1_source,2026-10-09T04:27:40Z,DART 기업개황 업종(651/6511/6512/652) 목록에만 있음. DART는 법인 등록 정보이며 보험업 허가·현행 영업을 증명하지 않음. 과거 법인·비보험사 포함 가능. 보험회사 아님 추정: 공공 보증기관,false,,not_checked
dart-d0f60e98,다스법률비용보험,,non_life,false,dart_ind_6512;dart_ind_651_p1,,not_checked,verified_1_source,2026-10-09T04:27:40Z,DART 기업개황 업종(651/6511/6512/652) 목록에만 있음. DART는 법인 등록 정보이며 보험업 허가·현행 영업을 증명하지 않음. 과거 법인·비보험사 포함 가능. 협회 현행 목록에 없음 — 과거 보험사(합병·청산·철수) 또는 미등재 회사 가능성; FSS 목록 복구 후 확인,false,,not_checked
dart-8fcc7fea,대신생명보험,,life,false,dart_ind_6511;dart_ind_651_p1,,not_checked,verified_1_source,2026-10-09T04:27:43Z,DART 기업개황 업종(651/6511/6512/652) 목록에만 있음. DART는 법인 등록 정보이며 보험업 허가·현행 영업을 증명하지 않음. 과거 법인·비보험사 포함 가능. 협회 현행 목록에 없음 — 과거 보험사(합병·청산·철수) 또는 미등재 회사 가능성; FSS 목록 복구 후 확인,false,,not_checked
dart-968e6028,드림라이프플랜보험대리점,,other,false,dart_ind_6511;dart_ind_651_p1,,not_checked,verified_1_source,2026-10-09T04:27:43Z,DART 기업개황 업종(651/6511/6512/652) 목록에만 있음. DART는 법인 등록 정보이며 보험업 허가·현행 영업을 증명하지 않음. 과거 법인·비보험사 포함 가능. 보험회사 아님 추정: 보험대리점(명칭상),false,,not_checked
dart-591b8ede,리젠트화재보험,,non_life,false,dart_ind_6512;dart_ind_651_p1,,not_checked,verified_1_source,2026-10-09T04:27:40Z,DART 기업개황 업종(651/6511/6512/652) 목록에만 있음. DART는 법인 등록 정보이며 보험업 허가·현행 영업을 증명하지 않음. 과거 법인·비보험사 포함 가능. 협회 현행 목록에 없음 — 과거 보험사(합병·청산·철수) 또는 미등재 회사 가능성; FSS 목록 복구 후 확인,false,,not_checked
dart-07c16602,마이금융파트너,,other,false,dart_ind_651_p1,,not_checked,verified_1_source,2026-10-09T04:27:21Z,DART 기업개황 업종(651/6511/6512/652) 목록에만 있음. DART는 법인 등록 정보이며 보험업 허가·현행 영업을 증명하지 않음. 과거 법인·비보험사 포함 가능. 보험회사 아님 추정: 보험대리점 추정(명칭상),false,,not_checked
dart-3b1fa4d4,삼신올스테이트생명보험,,life,false,dart_ind_6511;dart_ind_651_p1,,not_checked,verified_1_source,2026-10-09T04:27:43Z,DART 기업개황 업종(651/6511/6512/652) 목록에만 있음. DART는 법인 등록 정보이며 보험업 허가·현행 영업을 증명하지 않음. 과거 법인·비보험사 포함 가능. 협회 현행 목록에 없음 — 과거 보험사(합병·청산·철수) 또는 미등재 회사 가능성; FSS 목록 복구 후 확인,false,,not_checked
dart-2462e895,스벤스카한델스방켄에이비,,other,false,dart_ind_6512;dart_ind_651_p1,,not_checked,verified_1_source,2026-10-09T04:27:40Z,DART 기업개황 업종(651/6511/6512/652) 목록에만 있음. DART는 법인 등록 정보이며 보험업 허가·현행 영업을 증명하지 않음. 과거 법인·비보험사 포함 가능. 보험회사 아님 추정: 은행(명칭상),false,,not_checked
dart-9ad61d37,스탠다드챠타드프라이빗에쿼티리미티드,,other,false,dart_ind_6512;dart_ind_651_p1,,not_checked,verified_1_source,2026-10-09T04:27:40Z,DART 기업개황 업종(651/6511/6512/652) 목록에만 있음. DART는 법인 등록 정보이며 보험업 허가·현행 영업을 증명하지 않음. 과거 법인·비보험사 포함 가능. 보험회사 아님 추정: PE(명칭상),false,,not_checked
dart-547711db,신보2016제3차유동화전문유한회사,,other,false,dart_ind_6512;dart_ind_651_p1,,not_checked,verified_1_source,2026-10-09T04:27:40Z,DART 기업개황 업종(651/6511/6512/652) 목록에만 있음. DART는 법인 등록 정보이며 보험업 허가·현행 영업을 증명하지 않음. 과거 법인·비보험사 포함 가능. 보험회사 아님 추정: 유동화 SPC(명칭상),false,,not_checked
dart-482fd452,신용보증기금,,other,false,dart_ind_6512;dart_ind_651_p1,,not_checked,verified_1_source,2026-10-09T04:27:40Z,DART 기업개황 업종(651/6511/6512/652) 목록에만 있음. DART는 법인 등록 정보이며 보험업 허가·현행 영업을 증명하지 않음. 과거 법인·비보험사 포함 가능. 보험회사 아님 추정: 공공 보증기관,false,,not_checked
dart-5970d288,아메리카인터내셔날어슈어런스컴퍼니한국지사,,life,true,dart_ind_6511;dart_ind_651_p1,,not_checked,verified_1_source,2026-10-09T04:27:43Z,DART 기업개황 업종(651/6511/6512/652) 목록에만 있음. DART는 법인 등록 정보이며 보험업 허가·현행 영업을 증명하지 않음. 과거 법인·비보험사 포함 가능. 협회 현행 목록에 없음 — 과거 보험사(합병·청산·철수) 또는 미등재 회사 가능성; FSS 목록 복구 후 확인,false,,not_checked
dart-e80842f7,에스비아이글로벌실렉션펀드,,other,false,dart_ind_6512;dart_ind_651_p1,,not_checked,verified_1_source,2026-10-09T04:27:40Z,DART 기업개황 업종(651/6511/6512/652) 목록에만 있음. DART는 법인 등록 정보이며 보험업 허가·현행 영업을 증명하지 않음. 과거 법인·비보험사 포함 가능. 보험회사 아님 추정: 펀드(명칭상),false,,not_checked
dart-d8d5621b,오렌지라이프생명보험,,life,false,dart_ind_6511;dart_ind_651_p2,,not_checked,verified_1_source,2026-10-09T04:27:43Z,DART 기업개황 업종(651/6511/6512/652) 목록에만 있음. DART는 법인 등록 정보이며 보험업 허가·현행 영업을 증명하지 않음. 과거 법인·비보험사 포함 가능. 협회 현행 목록에 없음 — 과거 보험사(합병·청산·철수) 또는 미등재 회사 가능성; FSS 목록 복구 후 확인,false,,not_checked
dart-4c0bd3b9,임플로이어스리인슈어런스코포레이션한국지점,,reinsurance,true,dart_ind_652,,not_checked,verified_1_source,2026-10-09T04:27:37Z,DART 기업개황 업종(651/6511/6512/652) 목록에만 있음. DART는 법인 등록 정보이며 보험업 허가·현행 영업을 증명하지 않음. 과거 법인·비보험사 포함 가능. 협회 현행 목록에 없음 — 과거 보험사(합병·청산·철수) 또는 미등재 회사 가능성; FSS 목록 복구 후 확인,false,,not_checked
dart-6da11385,제일화재해상보험,,non_life,false,dart_ind_6512;dart_ind_651_p2,,not_checked,verified_1_source,2026-10-09T04:27:40Z,DART 기업개황 업종(651/6511/6512/652) 목록에만 있음. DART는 법인 등록 정보이며 보험업 허가·현행 영업을 증명하지 않음. 과거 법인·비보험사 포함 가능. 협회 현행 목록에 없음 — 과거 보험사(합병·청산·철수) 또는 미등재 회사 가능성; FSS 목록 복구 후 확인,false,,not_checked
dart-af06cb77,주택도시보증공사,,other,false,dart_ind_6512;dart_ind_651_p2,,not_checked,verified_1_source,2026-10-09T04:27:40Z,DART 기업개황 업종(651/6511/6512/652) 목록에만 있음. DART는 법인 등록 정보이며 보험업 허가·현행 영업을 증명하지 않음. 과거 법인·비보험사 포함 가능. 보험회사 아님 추정: 공공 보증기관,false,,not_checked
dart-a3a75abb,케이비생명보험,,life,false,dart_ind_6511;dart_ind_651_p2,,not_checked,verified_1_source,2026-10-09T04:27:43Z,DART 기업개황 업종(651/6511/6512/652) 목록에만 있음. DART는 법인 등록 정보이며 보험업 허가·현행 영업을 증명하지 않음. 과거 법인·비보험사 포함 가능. 협회 현행 목록에 없음 — 과거 보험사(합병·청산·철수) 또는 미등재 회사 가능성; FSS 목록 복구 후 확인. 현 KB라이프생명보험과의 관계(합병 전 법인 등) 미확인,false,,not_checked
dart-6942b9b9,코리아인슈어라부안,,non_life,false,dart_ind_6512;dart_ind_651_p2,,not_checked,verified_1_source,2026-10-09T04:27:40Z,DART 기업개황 업종(651/6511/6512/652) 목록에만 있음. DART는 법인 등록 정보이며 보험업 허가·현행 영업을 증명하지 않음. 과거 법인·비보험사 포함 가능. 협회 현행 목록에 없음 — 과거 보험사(합병·청산·철수) 또는 미등재 회사 가능성; FSS 목록 복구 후 확인,false,,not_checked
dart-ca83f7a6,태평양생명보험,,life,false,dart_ind_6511;dart_ind_651_p2,,not_checked,verified_1_source,2026-10-09T04:27:43Z,DART 기업개황 업종(651/6511/6512/652) 목록에만 있음. DART는 법인 등록 정보이며 보험업 허가·현행 영업을 증명하지 않음. 과거 법인·비보험사 포함 가능. 협회 현행 목록에 없음 — 과거 보험사(합병·청산·철수) 또는 미등재 회사 가능성; FSS 목록 복구 후 확인,false,,not_checked
dart-6cc7aaf5,프르덴셜어슈어런스컴퍼니리티니드,,life,false,dart_ind_6511;dart_ind_651_p2,,not_checked,verified_1_source,2026-10-09T04:27:43Z,DART 기업개황 업종(651/6511/6512/652) 목록에만 있음. DART는 법인 등록 정보이며 보험업 허가·현행 영업을 증명하지 않음. 과거 법인·비보험사 포함 가능. 협회 현행 목록에 없음 — 과거 보험사(합병·청산·철수) 또는 미등재 회사 가능성; FSS 목록 복구 후 확인,false,,not_checked
dart-2c101bab,피델리티차이나스페셜시츄에이션즈피엘씨,,other,false,dart_ind_6512;dart_ind_651_p2,,not_checked,verified_1_source,2026-10-09T04:27:40Z,DART 기업개황 업종(651/6511/6512/652) 목록에만 있음. DART는 법인 등록 정보이며 보험업 허가·현행 영업을 증명하지 않음. 과거 법인·비보험사 포함 가능. 보험회사 아님 추정: 펀드(명칭상),false,,not_checked
dart-853fbd0f,피드인터내셔널디스커버리펀드,,other,false,dart_ind_6512;dart_ind_651_p2,,not_checked,verified_1_source,2026-10-09T04:27:40Z,DART 기업개황 업종(651/6511/6512/652) 목록에만 있음. DART는 법인 등록 정보이며 보험업 허가·현행 영업을 증명하지 않음. 과거 법인·비보험사 포함 가능. 보험회사 아님 추정: 펀드(명칭상),false,,not_checked
dart-2a4d352c,한국상조보증,,other,false,dart_ind_6512;dart_ind_651_p2,,not_checked,verified_1_source,2026-10-09T04:27:40Z,DART 기업개황 업종(651/6511/6512/652) 목록에만 있음. DART는 법인 등록 정보이며 보험업 허가·현행 영업을 증명하지 않음. 과거 법인·비보험사 포함 가능. 보험회사 아님 추정: 상조 보증기관(명칭상),false,,not_checked
dart-12f1223a,한국알리안츠화재해상보험,,non_life,false,dart_ind_6512;dart_ind_651_p2,,not_checked,verified_1_source,2026-10-09T04:27:40Z,DART 기업개황 업종(651/6511/6512/652) 목록에만 있음. DART는 법인 등록 정보이며 보험업 허가·현행 영업을 증명하지 않음. 과거 법인·비보험사 포함 가능. 협회 현행 목록에 없음 — 과거 보험사(합병·청산·철수) 또는 미등재 회사 가능성; FSS 목록 복구 후 확인,false,,not_checked
dart-8ca6ed8f,한국해상화재손해사정,,other,false,dart_ind_6512;dart_ind_651_p2,,not_checked,verified_1_source,2026-10-09T04:27:40Z,DART 기업개황 업종(651/6511/6512/652) 목록에만 있음. DART는 법인 등록 정보이며 보험업 허가·현행 영업을 증명하지 않음. 과거 법인·비보험사 포함 가능. 보험회사 아님 추정: 손해사정법인(명칭상),false,,not_checked
dart-3e08fdc2,한국해양보증보험,,non_life,false,dart_ind_6512;dart_ind_651_p2,,not_checked,verified_1_source,2026-10-09T04:27:40Z,DART 기업개황 업종(651/6511/6512/652) 목록에만 있음. DART는 법인 등록 정보이며 보험업 허가·현행 영업을 증명하지 않음. 과거 법인·비보험사 포함 가능. 협회 현행 목록에 없음 — 과거 보험사(합병·청산·철수) 또는 미등재 회사 가능성; FSS 목록 복구 후 확인,false,,not_checked
dart-471cd8bb,한덕생명보험,,life,false,dart_ind_6511;dart_ind_651_p2,,not_checked,verified_1_source,2026-10-09T04:27:43Z,DART 기업개황 업종(651/6511/6512/652) 목록에만 있음. DART는 법인 등록 정보이며 보험업 허가·현행 영업을 증명하지 않음. 과거 법인·비보험사 포함 가능. 협회 현행 목록에 없음 — 과거 보험사(합병·청산·철수) 또는 미등재 회사 가능성; FSS 목록 복구 후 확인,false,,not_checked
dart-da28807a,한일생명보험,,life,false,dart_ind_6511;dart_ind_651_p2,,not_checked,verified_1_source,2026-10-09T04:27:43Z,DART 기업개황 업종(651/6511/6512/652) 목록에만 있음. DART는 법인 등록 정보이며 보험업 허가·현행 영업을 증명하지 않음. 과거 법인·비보험사 포함 가능. 협회 현행 목록에 없음 — 과거 보험사(합병·청산·철수) 또는 미등재 회사 가능성; FSS 목록 복구 후 확인,false,,not_checked
dart-c31ba30d,현대생명보험,,life,false,dart_ind_6511;dart_ind_651_p2,,not_checked,verified_1_source,2026-10-09T04:27:43Z,DART 기업개황 업종(651/6511/6512/652) 목록에만 있음. DART는 법인 등록 정보이며 보험업 허가·현행 영업을 증명하지 않음. 과거 법인·비보험사 포함 가능. 협회 현행 목록에 없음 — 과거 보험사(합병·청산·철수) 또는 미등재 회사 가능성; FSS 목록 복구 후 확인,false,,not_checked
dart-65581fe9,현대하이카다이렉트손해보험,,non_life,false,dart_ind_6512;dart_ind_651_p2,,not_checked,verified_1_source,2026-10-09T04:27:40Z,DART 기업개황 업종(651/6511/6512/652) 목록에만 있음. DART는 법인 등록 정보이며 보험업 허가·현행 영업을 증명하지 않음. 과거 법인·비보험사 포함 가능. 협회 현행 목록에 없음 — 과거 보험사(합병·청산·철수) 또는 미등재 회사 가능성; FSS 목록 복구 후 확인,false,,not_checked
kidi-public-5e3f7f,국민연금,,other,false,kidi_sitelink,,not_checked,verified_1_source,2026-10-09T04:24:59Z,KIDI '공영보험' 분류의 사회보험·연금·심사 기관 — 민영 보험상품 공시 대상 아님(제외 사유 기록용),false,http://www.nps.or.kr/,not_checked
kidi-public-326323,국민건강보험공단,,other,false,kidi_sitelink,,not_checked,verified_1_source,2026-10-09T04:24:59Z,KIDI '공영보험' 분류의 사회보험·연금·심사 기관 — 민영 보험상품 공시 대상 아님(제외 사유 기록용),false,http://www.nhic.or.kr/,not_checked
kidi-public-6d6a7e,공무원연금공단,,other,false,kidi_sitelink,,not_checked,verified_1_source,2026-10-09T04:24:59Z,KIDI '공영보험' 분류의 사회보험·연금·심사 기관 — 민영 보험상품 공시 대상 아님(제외 사유 기록용),false,http://www.geps.or.kr/,not_checked
kidi-public-9044d2,근로복지공단,,other,false,kidi_sitelink,,not_checked,verified_1_source,2026-10-09T04:24:59Z,KIDI '공영보험' 분류의 사회보험·연금·심사 기관 — 민영 보험상품 공시 대상 아님(제외 사유 기록용),false,http://www.kcomwel.or.kr/,not_checked
kidi-public-abd754,사립학교교직원연금공단,,other,false,kidi_sitelink,,not_checked,verified_1_source,2026-10-09T04:24:59Z,KIDI '공영보험' 분류의 사회보험·연금·심사 기관 — 민영 보험상품 공시 대상 아님(제외 사유 기록용),false,http://www.ktpf.or.kr/,not_checked
kidi-public-08b753,건강보험심사평가원,,other,false,kidi_sitelink,,not_checked,verified_1_source,2026-10-09T04:24:59Z,KIDI '공영보험' 분류의 사회보험·연금·심사 기관 — 민영 보험상품 공시 대상 아님(제외 사유 기록용),false,http://www.hira.or.kr/,not_checked
