insurer_id,name_ko,name_en,sector,foreign_branch,listed_in,disclosure_url,disclosure_access,observed_at,notes,in_current_assoc_list,home_url,home_access,entity_evidence,disclosure_access_detail,home_access_detail,disclosure_status,disclosure_gap_reason,product_list_status,product_list_reason
life-hanwha,한화생명보험,,life,false,klia_member;klia_pub_mngtdis;kidi_sitelink;dart_ind_6511;dart_ind_651_p2,,not_checked,2026-10-09T04:27:43Z,KLIA 정회원 / 홈페이지 접근 불가(ssl_legacy_renegotiation) — 공시실 URL 미확인,true,https://www.hanwhalife.com/,tls_error,two_or_more_sources,,ssl_legacy_renegotiation,failed,홈페이지 접근 결과: tls_error,unqueried,상품·특약 목록 열거 전(M3 어댑터 단계). 표본 검증과 무관하게 전 대상을 추적
life-abl,ABL생명보험,,life,false,klia_member;klia_pub_mngtdis;kidi_sitelink;dart_ind_6511;dart_ind_651_p1,,not_checked,2026-10-09T04:27:43Z,KLIA 정회원 / 홈페이지 접근 불가(200_geoblock_notice) — 공시실 URL 미확인,true,https://www.abllife.co.kr/,geo_blocked,two_or_more_sources,,200_geoblock_notice,blocked,홈페이지 접근 결과: geo_blocked,unqueried,상품·특약 목록 열거 전(M3 어댑터 단계). 표본 검증과 무관하게 전 대상을 추적
life-samsung,삼성생명보험,,life,false,klia_member;klia_pub_mngtdis;kidi_sitelink;dart_ind_6511;dart_ind_651_p1,,not_checked,2026-10-09T04:27:43Z,KLIA 정회원 / 홈페이지는 응답했으나 정적 HTML에서 상품공시 링크를 찾지 못함(SPA/JS 메뉴) — 브라우저 렌더링 또는 XHR 분석 필요,true,https://www.samsunglife.com/,js_shell,two_or_more_sources,,200_js_shell,failed,홈페이지는 열리나 정적 HTML에서 공시실 진입점을 찾지 못함(JS 메뉴 등),unqueried,상품·특약 목록 열거 전(M3 어댑터 단계). 표본 검증과 무관하게 전 대상을 추적
life-heungkuk,흥국생명보험,,life,false,klia_member;klia_pub_mngtdis;kidi_sitelink;dart_ind_6511;dart_ind_651_p2,,not_checked,2026-10-09T04:27:43Z,KLIA 정회원 / 홈페이지 접근 불가(200_geoblock_notice) — 공시실 URL 미확인,true,https://www.heungkuklife.co.kr/,geo_blocked,two_or_more_sources,,200_geoblock_notice,blocked,홈페이지 접근 결과: geo_blocked,unqueried,상품·특약 목록 열거 전(M3 어댑터 단계). 표본 검증과 무관하게 전 대상을 추적
life-kyobo,교보생명보험,,life,false,klia_member;klia_pub_mngtdis;kidi_sitelink;dart_ind_6511;dart_ind_651_p1,,not_checked,2026-10-09T04:27:43Z,KLIA 정회원 / 홈페이지는 응답했으나 정적 HTML에서 상품공시 링크를 찾지 못함(SPA/JS 메뉴) — 브라우저 렌더링 또는 XHR 분석 필요,true,https://www.kyobo.com/,reachable,two_or_more_sources,,200,failed,홈페이지는 열리나 정적 HTML에서 공시실 진입점을 찾지 못함(JS 메뉴 등),unqueried,상품·특약 목록 열거 전(M3 어댑터 단계). 표본 검증과 무관하게 전 대상을 추적
life-im,iM라이프생명보험,,life,false,klia_member;klia_pub_mngtdis;kidi_sitelink;dart_ind_6511;dart_ind_651_p1,,not_checked,2026-10-09T04:27:43Z,KLIA 정회원 / 홈페이지 접근 불가(timeout) — 공시실 URL 미확인 / KIDI 링크 페이지는 구 명칭 'DGB생명'(dgbfnlife.com)으로 표기 — 동일 회사로 매칭(명칭 변경 이력은 출처에서 직접 확인 못함),true,https://www.imlifeins.co.kr/,timeout,two_or_more_sources,,,failed,홈페이지 접근 결과: timeout,unqueried,상품·특약 목록 열거 전(M3 어댑터 단계). 표본 검증과 무관하게 전 대상을 추적
life-miraeasset,미래에셋생명보험,,life,false,klia_member;klia_pub_mngtdis;kidi_sitelink;dart_ind_6511;dart_ind_651_p1,,not_checked,2026-10-09T04:27:43Z,KLIA 정회원 / 홈페이지는 응답했으나 정적 HTML에서 상품공시 링크를 찾지 못함(SPA/JS 메뉴) — 브라우저 렌더링 또는 XHR 분석 필요,true,https://life.miraeasset.com/,js_shell,two_or_more_sources,,200_js_shell,failed,홈페이지는 열리나 정적 HTML에서 공시실 진입점을 찾지 못함(JS 메뉴 등),unqueried,상품·특약 목록 열거 전(M3 어댑터 단계). 표본 검증과 무관하게 전 대상을 추적
life-kdb,KDB생명보험,,life,false,klia_member;klia_pub_mngtdis;kidi_sitelink;dart_ind_6511;dart_ind_651_p2,,not_checked,2026-10-09T04:27:43Z,KLIA 정회원 / 홈페이지 접근 불가(connection_reset) — 공시실 URL 미확인,true,https://www.kdblife.co.kr/,connection_reset,two_or_more_sources,,,failed,홈페이지 접근 결과: connection_reset,unqueried,상품·특약 목록 열거 전(M3 어댑터 단계). 표본 검증과 무관하게 전 대상을 추적
life-db,DB생명보험,,life,false,klia_member;klia_pub_mngtdis;kidi_sitelink;dart_ind_6511;dart_ind_651_p1,,not_checked,2026-10-09T04:27:43Z,KLIA 정회원 / 홈페이지 접근 불가(connection_reset) — 공시실 URL 미확인,true,https://www.idblife.com/,connection_reset,two_or_more_sources,,,failed,홈페이지 접근 결과: connection_reset,unqueried,상품·특약 목록 열거 전(M3 어댑터 단계). 표본 검증과 무관하게 전 대상을 추적
life-tongyang,동양생명보험,,life,false,klia_member;klia_pub_mngtdis;kidi_sitelink;dart_ind_6511;dart_ind_651_p1,,not_checked,2026-10-09T04:27:43Z,KLIA 정회원 / 홈페이지 접근 불가(tls_handshake_fail) — 공시실 URL 미확인,true,https://www.myangel.co.kr/,tls_error,two_or_more_sources,,tls_handshake_fail,failed,홈페이지 접근 결과: tls_error,unqueried,상품·특약 목록 열거 전(M3 어댑터 단계). 표본 검증과 무관하게 전 대상을 추적
life-metlife,메트라이프생명보험,,life,false,klia_member;klia_pub_mngtdis;kidi_sitelink;dart_ind_6511;dart_ind_651_p1,,not_checked,2026-10-09T04:27:43Z,KLIA 정회원 / 홈페이지는 응답했으나 정적 HTML에서 상품공시 링크를 찾지 못함(SPA/JS 메뉴) — 브라우저 렌더링 또는 XHR 분석 필요,true,https://www.metlife.co.kr/,reachable,two_or_more_sources,,200,failed,홈페이지는 열리나 정적 HTML에서 공시실 진입점을 찾지 못함(JS 메뉴 등),unqueried,상품·특약 목록 열거 전(M3 어댑터 단계). 표본 검증과 무관하게 전 대상을 추적
life-kb,KB라이프생명보험,,life,false,klia_member;klia_pub_mngtdis;kidi_sitelink;dart_ind_6511;dart_ind_651_p2,,not_checked,2026-10-09T04:27:43Z,"KLIA 정회원 / 홈페이지는 응답했으나 정적 HTML에서 상품공시 링크를 찾지 못함(SPA/JS 메뉴) — 브라우저 렌더링 또는 XHR 분석 필요 / KIDI 링크는 www.kbli.co.kr, KLIA 링크는 www.kblife.co.kr. DART에 '케이비생명보험'(별도 법인명)도 있으나 현행 여부 미확인 → excluded_or_historical.csv",true,https://www.kblife.co.kr/,js_shell,two_or_more_sources,,200_js_shell,failed,홈페이지는 열리나 정적 HTML에서 공시실 진입점을 찾지 못함(JS 메뉴 등),unqueried,상품·특약 목록 열거 전(M3 어댑터 단계). 표본 검증과 무관하게 전 대상을 추적
life-shinhan,신한라이프생명보험,,life,false,klia_member;klia_pub_mngtdis;kidi_sitelink;dart_ind_6511;dart_ind_651_p1,,not_checked,2026-10-09T04:27:43Z,KLIA 정회원 / 홈페이지 접근 불가(connection_reset) — 공시실 URL 미확인,true,https://www.shinhanlife.co.kr/,connection_reset,two_or_more_sources,,,failed,홈페이지 접근 결과: connection_reset,unqueried,상품·특약 목록 열거 전(M3 어댑터 단계). 표본 검증과 무관하게 전 대상을 추적
life-chubb,처브라이프생명보험,,life,false,klia_member;klia_pub_mngtdis;kidi_sitelink;dart_ind_6511;dart_ind_651_p2,https://www.chubblife.co.kr/front/official/sale/list.do,reachable,2026-10-09T04:27:43Z,KLIA 정회원 / disclosure_url은 회사 홈페이지 메뉴 링크에서 추출 후 접속 확인(제목·본문에 상품공시/약관 문구 확인),true,https://www.chubblife.co.kr/,reachable,two_or_more_sources,200,200_js_shell -> 200 (https://www.chubblife.co.kr/index.do),archived,,unqueried,상품·특약 목록 열거 전(M3 어댑터 단계). 표본 검증과 무관하게 전 대상을 추적
life-hana,하나생명보험,,life,false,klia_member;klia_pub_mngtdis;kidi_sitelink;dart_ind_6511;dart_ind_651_p2,,not_checked,2026-10-09T04:27:43Z,KLIA 정회원 / 홈페이지 접근 불가(empty_reply) — 공시실 URL 미확인,true,https://www.hanalife.co.kr/,empty_reply,two_or_more_sources,,,failed,홈페이지 접근 결과: empty_reply,unqueried,상품·특약 목록 열거 전(M3 어댑터 단계). 표본 검증과 무관하게 전 대상을 추적
life-bnpcardif,BNP파리바카디프생명보험,,life,false,klia_member;klia_pub_mngtdis;kidi_sitelink;dart_ind_652,https://www.cardif.co.kr/disclosure/product/papag001.do,reachable,2026-10-09T04:27:37Z,KLIA 정회원 / disclosure_url은 회사 홈페이지 메뉴 링크에서 추출 후 접속 확인(제목·본문에 상품공시/약관 문구 확인) / DART 업종분류는 652(재보험업)로 표시됨 — 협회 기준 생명보험사로 분류,true,https://www.cardif.co.kr/,reachable,two_or_more_sources,200,200,archived,,unqueried,상품·특약 목록 열거 전(M3 어댑터 단계). 표본 검증과 무관하게 전 대상을 추적
life-fubonhyundai,푸본현대생명보험,,life,false,klia_member;klia_pub_mngtdis;kidi_sitelink;dart_ind_6511;dart_ind_651_p2,,not_checked,2026-10-09T04:27:43Z,KLIA 정회원 / 홈페이지 접근 불가(connection_reset) — 공시실 URL 미확인,true,https://www.fubonhyundai.com/,connection_reset,two_or_more_sources,,,failed,홈페이지 접근 결과: connection_reset,unqueried,상품·특약 목록 열거 전(M3 어댑터 단계). 표본 검증과 무관하게 전 대상을 추적
life-lina,라이나생명보험,,life,false,klia_member;klia_pub_mngtdis;kidi_sitelink;dart_ind_6511;dart_ind_651_p1,,not_checked,2026-10-09T04:27:43Z,KLIA 정회원 / 홈페이지는 응답했으나 정적 HTML에서 상품공시 링크를 찾지 못함(SPA/JS 메뉴) — 브라우저 렌더링 또는 XHR 분석 필요,true,https://www.lina.co.kr/,reachable,two_or_more_sources,,200,failed,홈페이지는 열리나 정적 HTML에서 공시실 진입점을 찾지 못함(JS 메뉴 등),unqueried,상품·특약 목록 열거 전(M3 어댑터 단계). 표본 검증과 무관하게 전 대상을 추적
life-aia,AIA생명보험,,life,false,klia_member;klia_pub_mngtdis;kidi_sitelink;dart_ind_6511;dart_ind_651_p2,https://www.aia.co.kr/ko/disclosure/our-products.html,reachable,2026-10-09T04:27:43Z,KLIA 정회원 / 공시 URL 접속 시 https://www.aia.co.kr/ko/disclosure/our-products/disclosing-process.html 로 리다이렉트 / disclosure_url은 회사 홈페이지 메뉴 링크에서 추출 후 접속 확인(제목·본문에 상품공시/약관 문구 확인) / 외국계. 출처 명칭에 '한국지점' 표기 없음 → foreign_branch=false(법인 형태는 FSS 복구 후 확인),true,https://www.aia.co.kr/,reachable,two_or_more_sources,200,200,archived,,unqueried,상품·특약 목록 열거 전(M3 어댑터 단계). 표본 검증과 무관하게 전 대상을 추적
life-nh,NH농협생명보험,,life,false,klia_member;klia_pub_mngtdis;kidi_sitelink;dart_ind_6511;dart_ind_651_p1,,not_checked,2026-10-09T04:27:43Z,KLIA 정회원 / 홈페이지 접근 불가(connection_reset) — 공시실 URL 미확인,true,https://www.nhlife.co.kr/,connection_reset,two_or_more_sources,,,failed,홈페이지 접근 결과: connection_reset,unqueried,상품·특약 목록 열거 전(M3 어댑터 단계). 표본 검증과 무관하게 전 대상을 추적
life-ibk,IBK연금보험,,life,false,klia_member;klia_pub_mngtdis;kidi_sitelink;dart_ind_6511;dart_ind_651_p1,,not_checked,2026-10-09T04:27:43Z,KLIA 준회원 / 홈페이지 접근 불가(200_geoblock_notice) — 공시실 URL 미확인 / KLIA 준회원,true,https://www.ibki.co.kr/,geo_blocked,two_or_more_sources,,200_geoblock_notice,blocked,홈페이지 접근 결과: geo_blocked,unqueried,상품·특약 목록 열거 전(M3 어댑터 단계). 표본 검증과 무관하게 전 대상을 추적
life-kyobo-lifeplanet,교보라이프플래닛생명보험,,life,false,klia_member;klia_pub_mngtdis;kidi_sitelink;dart_ind_6511;dart_ind_651_p1,https://www.lifeplanet.co.kr/disclosure/good/HPDA01S0.dev,reachable,2026-10-09T04:27:43Z,KLIA 준회원 / disclosure_url은 회사 홈페이지 메뉴 링크에서 추출 후 접속 확인(제목·본문에 상품공시/약관 문구 확인) / KLIA 준회원,true,https://www.lifeplanet.co.kr/,reachable,two_or_more_sources,200,200,archived,,unqueried,상품·특약 목록 열거 전(M3 어댑터 단계). 표본 검증과 무관하게 전 대상을 추적
nonlife-meritz,메리츠화재해상보험,,non_life,false,knia_partner01;knia_kpub_regular;kidi_sitelink;dart_ind_6512;dart_ind_651_p1,,not_checked,2026-10-09T04:29:49Z,KNIA 정회원사 / 홈페이지는 응답했으나 정적 HTML에서 상품공시 링크를 찾지 못함(SPA/JS 메뉴) — 브라우저 렌더링 또는 XHR 분석 필요,true,https://www.meritzfire.com/,reachable,two_or_more_sources,,200,failed,홈페이지는 열리나 정적 HTML에서 공시실 진입점을 찾지 못함(JS 메뉴 등),unqueried,상품·특약 목록 열거 전(M3 어댑터 단계). 표본 검증과 무관하게 전 대상을 추적
nonlife-hanwha,한화손해보험,,non_life,false,knia_partner01;knia_kpub_regular;kidi_sitelink;dart_ind_6512;dart_ind_651_p2,,not_checked,2026-10-09T04:29:49Z,KNIA 정회원사 / 홈페이지는 응답했으나 정적 HTML에서 상품공시 링크를 찾지 못함(SPA/JS 메뉴) — 브라우저 렌더링 또는 XHR 분석 필요,true,https://www.hwgeneralins.com/,reachable,two_or_more_sources,,200,failed,홈페이지는 열리나 정적 HTML에서 공시실 진입점을 찾지 못함(JS 메뉴 등),unqueried,상품·특약 목록 열거 전(M3 어댑터 단계). 표본 검증과 무관하게 전 대상을 추적
nonlife-lotte,롯데손해보험,,non_life,false,knia_partner01;knia_kpub_regular;kidi_sitelink;dart_ind_6512;dart_ind_651_p1,,not_checked,2026-10-09T04:29:49Z,KNIA 정회원사 / 홈페이지 접근 불가(connection_reset) — 공시실 URL 미확인,true,https://www.lotteins.co.kr/,connection_reset,two_or_more_sources,,,failed,홈페이지 접근 결과: connection_reset,unqueried,상품·특약 목록 열거 전(M3 어댑터 단계). 표본 검증과 무관하게 전 대상을 추적
nonlife-heungkuk,흥국화재해상보험,,non_life,false,knia_partner01;knia_kpub_regular;kidi_sitelink;dart_ind_6512;dart_ind_651_p2,https://www.heungkukfire.co.kr/FRW/announce/insGoodsGongsiSale.do,reachable,2026-10-09T04:29:49Z,KNIA 정회원사 / disclosure_url은 회사 홈페이지 메뉴 링크에서 추출 후 접속 확인(제목·본문에 상품공시/약관 문구 확인) / KIDI 링크는 www.insurance.co.kr,true,https://www.heungkukfire.co.kr/,reachable,two_or_more_sources,200,200,archived,,unqueried,상품·특약 목록 열거 전(M3 어댑터 단계). 표본 검증과 무관하게 전 대상을 추적
nonlife-samsung,삼성화재해상보험,,non_life,false,knia_partner01;knia_kpub_regular;kidi_sitelink;dart_ind_6512;dart_ind_651_p1,,not_checked,2026-10-09T04:29:49Z,KNIA 정회원사 / 홈페이지 접근 불가(connection_reset) — 공시실 URL 미확인,true,https://www.samsungfire.com/,connection_reset,two_or_more_sources,,,failed,홈페이지 접근 결과: connection_reset,unqueried,상품·특약 목록 열거 전(M3 어댑터 단계). 표본 검증과 무관하게 전 대상을 추적
nonlife-hyundai,현대해상화재보험,,non_life,false,knia_partner01;knia_kpub_regular;kidi_sitelink;dart_ind_6512;dart_ind_651_p2,,not_checked,2026-10-09T04:29:49Z,KNIA 정회원사 / 홈페이지는 응답했으나 정적 HTML에서 상품공시 링크를 찾지 못함(SPA/JS 메뉴) — 브라우저 렌더링 또는 XHR 분석 필요,true,https://www.hi.co.kr/,tls_error,two_or_more_sources,,200_js_shell -> tls_handshake_fail (https://www.hi.co.kr/index.jsp),failed,홈페이지 접근 결과: tls_error,unqueried,상품·특약 목록 열거 전(M3 어댑터 단계). 표본 검증과 무관하게 전 대상을 추적
nonlife-kb,KB손해보험,,non_life,false,knia_partner01;knia_kpub_regular;kidi_sitelink;dart_ind_6512;dart_ind_651_p1,,not_checked,2026-10-09T04:29:49Z,KNIA 정회원사 / 홈페이지는 응답했으나 정적 HTML에서 상품공시 링크를 찾지 못함(SPA/JS 메뉴) — 브라우저 렌더링 또는 XHR 분석 필요,true,https://www.kbinsure.co.kr/,reachable,two_or_more_sources,,200,failed,홈페이지는 열리나 정적 HTML에서 공시실 진입점을 찾지 못함(JS 메뉴 등),unqueried,상품·특약 목록 열거 전(M3 어댑터 단계). 표본 검증과 무관하게 전 대상을 추적
nonlife-db,DB손해보험,,non_life,false,knia_partner01;knia_kpub_regular;kidi_sitelink;dart_ind_6512;dart_ind_651_p1,https://www.idbins.com/pc/bizxpress/pb/ppb/mnu/FWMAIV1530.shtm,reachable,2026-10-09T04:29:49Z,KNIA 정회원사 / disclosure_url은 회사 홈페이지 메뉴 링크에서 추출 후 접속 확인(제목·본문에 상품공시/약관 문구 확인) / KNIA 링크 www.idbins.com; 과제 지시문상 www.dbins.co.kr은 proxy 502로 알려짐,true,https://www.idbins.com/,reachable,two_or_more_sources,200,200_js_shell -> 200 (https://www.idbins.com/FWMAIV0001.do),archived,,unqueried,상품·특약 목록 열거 전(M3 어댑터 단계). 표본 검증과 무관하게 전 대상을 추적
nonlife-axa,AXA손해보험,,non_life,false,knia_partner01;knia_kpub_regular;kidi_sitelink;dart_ind_6512;dart_ind_651_p1,,not_checked,2026-10-09T04:29:49Z,KNIA 정회원사 / 홈페이지는 응답했으나 정적 HTML에서 상품공시 링크를 찾지 못함(SPA/JS 메뉴) — 브라우저 렌더링 또는 XHR 분석 필요,true,https://www.axa.co.kr/,reachable,two_or_more_sources,,200,failed,홈페이지는 열리나 정적 HTML에서 공시실 진입점을 찾지 못함(JS 메뉴 등),unqueried,상품·특약 목록 열거 전(M3 어댑터 단계). 표본 검증과 무관하게 전 대상을 추적
nonlife-aig,AIG손해보험,,non_life,false,knia_partner01;knia_kpub_regular;kidi_sitelink;dart_ind_6512;dart_ind_651_p2,,not_checked,2026-10-09T04:29:49Z,KNIA 정회원사 / 홈페이지는 응답했으나 정적 HTML에서 상품공시 링크를 찾지 못함(SPA/JS 메뉴) — 브라우저 렌더링 또는 XHR 분석 필요,true,https://www.aig.co.kr/,reachable,two_or_more_sources,,200_js_shell -> 200 (https://www.aig.co.kr/wm/dpwmm001.html),failed,홈페이지는 열리나 정적 HTML에서 공시실 진입점을 찾지 못함(JS 메뉴 등),unqueried,상품·특약 목록 열거 전(M3 어댑터 단계). 표본 검증과 무관하게 전 대상을 추적
nonlife-hana,하나손해보험,,non_life,false,knia_partner01;knia_kpub_regular;kidi_sitelink;dart_ind_6512;dart_ind_651_p2,,not_checked,2026-10-09T04:29:49Z,KNIA 정회원사 / 홈페이지 접근 불가(empty_reply) — 공시실 URL 미확인,true,https://www.educar.co.kr/,empty_reply,two_or_more_sources,,,failed,홈페이지 접근 결과: empty_reply,unqueried,상품·특약 목록 열거 전(M3 어댑터 단계). 표본 검증과 무관하게 전 대상을 추적
nonlife-nh,NH농협손해보험,,non_life,false,knia_partner01;knia_kpub_regular;kidi_sitelink;dart_ind_6512;dart_ind_651_p1,,not_checked,2026-10-09T04:29:49Z,KNIA 정회원사 / 홈페이지 접근 불가(connection_reset) — 공시실 URL 미확인,true,https://www.nhfire.co.kr/,connection_reset,two_or_more_sources,,,failed,홈페이지 접근 결과: connection_reset,unqueried,상품·특약 목록 열거 전(M3 어댑터 단계). 표본 검증과 무관하게 전 대상을 추적
nonlife-kakaopay,카카오페이손해보험,,non_life,false,knia_partner01;knia_kpub_regular;kidi_sitelink;dart_ind_6512;dart_ind_651_p2,,not_checked,2026-10-09T04:29:49Z,KNIA 정회원사 / 홈페이지는 응답했으나 정적 HTML에서 상품공시 링크를 찾지 못함(SPA/JS 메뉴) — 브라우저 렌더링 또는 XHR 분석 필요,true,https://www.kakaopayinscorp.co.kr/,reachable,two_or_more_sources,,200,failed,홈페이지는 열리나 정적 HTML에서 공시실 진입점을 찾지 못함(JS 메뉴 등),unqueried,상품·특약 목록 열거 전(M3 어댑터 단계). 표본 검증과 무관하게 전 대상을 추적
nonlife-shinhanez,신한EZ손해보험,,non_life,false,knia_partner01;knia_kpub_regular;kidi_sitelink;dart_ind_6512;dart_ind_651_p1,,not_checked,2026-10-09T04:29:49Z,KNIA 정회원사 / 홈페이지는 응답했으나 정적 HTML에서 상품공시 링크를 찾지 못함(SPA/JS 메뉴) — 브라우저 렌더링 또는 XHR 분석 필요,true,https://www.shinhanez.co.kr/,reachable,two_or_more_sources,,200_js_shell -> 200 (https://www.shinhanez.co.kr/static/man/MAIN0000M01.html),failed,홈페이지는 열리나 정적 HTML에서 공시실 진입점을 찾지 못함(JS 메뉴 등),unqueried,상품·특약 목록 열거 전(M3 어댑터 단계). 표본 검증과 무관하게 전 대상을 추적
nonlife-ace-chubb,에이스아메리칸화재해상보험,,non_life,false,knia_partner01;kidi_sitelink,https://www.chubb.com/kr-kr/disclosure/product-disclosure.html,reachable,2026-10-09T04:24:59Z,"KNIA 준회원사 / disclosure_url은 회사 홈페이지 메뉴 링크에서 추출 후 접속 확인(제목·본문에 상품공시/약관 문구 확인) / KNIA 준회원, 링크 www.chubb.com(처브 계열). 명칭에 지점 표기 없음 → foreign_branch=false(확인 필요)",true,https://www.chubb.com/kr-kr/,reachable,two_or_more_sources,200,200,archived,,unqueried,상품·특약 목록 열거 전(M3 어댑터 단계). 표본 검증과 무관하게 전 대상을 추적
nonlife-mitsuisumitomo-kr,미쓰이스미토모해상화재보험 한국지점,,non_life,true,knia_partner01;kidi_sitelink,https://www.ms-ins.co.kr/kor/template/0304_01.asp,reachable,2026-10-09T04:24:59Z,"KNIA 비회원사 / disclosure_url은 회사 홈페이지 메뉴 링크에서 추출 후 접속 확인(제목·본문에 상품공시/약관 문구 확인) / KNIA 주소란에 '미쓰이스미토모해상화재보험㈜한국지점', KIDI '(지)' 표기",true,https://www.ms-ins.co.kr/,reachable,two_or_more_sources,200,200,archived,,unqueried,상품·특약 목록 열거 전(M3 어댑터 단계). 표본 검증과 무관하게 전 대상을 추적
nonlife-agcs-kr,알리안츠글로벌코퍼레이트앤스페셜티에스이 한국지점,,non_life,true,knia_partner01;kidi_sitelink,,not_checked,2026-10-09T04:24:59Z,KNIA 비회원사 / 홈페이지 미점검 / 기업보험 전업 추정 — 소비자 상품공시 대상 여부 미확인,true,https://commercial.allianz.com/,not_checked,two_or_more_sources,,,unqueried,아직 홈페이지·공시실을 조회하지 않음,unqueried,상품·특약 목록 열거 전(M3 어댑터 단계). 표본 검증과 무관하게 전 대상을 추적
nonlife-fmglobal-kr,팩토리뮤추얼인슈런스컴퍼니 한국지점,,non_life,true,knia_partner01,,not_checked,2026-10-09T04:24:25Z,KNIA 비회원사 / 홈페이지 미점검 / 기업 재물보험 전업 추정,true,https://www.fmglobal.kr/,not_checked,one_source,,,unqueried,아직 홈페이지·공시실을 조회하지 않음,unqueried,상품·특약 목록 열거 전(M3 어댑터 단계). 표본 검증과 무관하게 전 대상을 추적
nonlife-starr-kr,스타인터내셔널인슈어런스싱가포르피티이엘티디 한국지점,,non_life,true,knia_partner01,,not_checked,2026-10-09T04:24:25Z,KNIA 비회원사 / 홈페이지 미점검,true,https://starrcompanies.com/Country-Pages/Korea,not_checked,one_source,,,unqueried,아직 홈페이지·공시실을 조회하지 않음,unqueried,상품·특약 목록 열거 전(M3 어댑터 단계). 표본 검증과 무관하게 전 대상을 추적
nonlife-firstam,퍼스트어메리칸권원보험,,non_life,false,knia_partner01,,not_checked,2026-10-09T04:24:25Z,KNIA 비회원사 / 홈페이지는 응답했으나 정적 HTML에서 상품공시 링크를 찾지 못함(SPA/JS 메뉴) — 브라우저 렌더링 또는 XHR 분석 필요 / 권원보험(title insurance). 법인/지점 형태 미확인,true,https://www.firstam.co.kr/,reachable,one_source,,200,failed,홈페이지는 열리나 정적 HTML에서 공시실 진입점을 찾지 못함(JS 메뉴 등),unqueried,상품·특약 목록 열거 전(M3 어댑터 단계). 표본 검증과 무관하게 전 대상을 추적
nonlife-yebyeol,예별손해보험,,non_life,false,knia_partner01;dart_ind_6512;dart_ind_651_p2,,not_checked,2026-10-09T04:27:40Z,KNIA 비회원사 / 홈페이지 접근 불가(connection_reset) — 공시실 URL 미확인 / KIDI 링크 페이지의 'MG손해보험'은 KNIA 현행 목록에 없음(관계·계약이전 여부는 출처로 확인 못함; FSS 복구 후 확인),true,https://www.yebyeol.co.kr/,connection_reset,two_or_more_sources,,,failed,홈페이지 접근 결과: connection_reset,unqueried,상품·특약 목록 열거 전(M3 어댑터 단계). 표본 검증과 무관하게 전 대상을 추적
nonlife-mybrown,마이브라운반려동물전문보험,,non_life,false,knia_partner01,,not_checked,2026-10-09T04:24:25Z,KNIA 비회원사 / 홈페이지 접근 불가(connection_reset) — 공시실 URL 미확인 / 반려동물 전문 보험사. DART 업종 651 목록에는 없음,true,https://www.mybrown.co.kr/,connection_reset,one_source,,,failed,홈페이지 접근 결과: connection_reset,unqueried,상품·특약 목록 열거 전(M3 어댑터 단계). 표본 검증과 무관하게 전 대상을 추적
guarantee-sgi,서울보증보험,,guarantee,false,knia_partner01;knia_kpub_regular;kidi_sitelink;dart_ind_6512;dart_ind_651_p1,,not_checked,2026-10-09T04:29:49Z,KNIA 정회원사 / 홈페이지는 응답했으나 정적 HTML에서 상품공시 링크를 찾지 못함(SPA/JS 메뉴) — 브라우저 렌더링 또는 XHR 분석 필요,true,https://www.sgic.co.kr/,reachable,two_or_more_sources,,200 -> 200 (https://www.sgic.co.kr/biz/ccp/index.html),failed,홈페이지는 열리나 정적 HTML에서 공시실 진입점을 찾지 못함(JS 메뉴 등),unqueried,상품·특약 목록 열거 전(M3 어댑터 단계). 표본 검증과 무관하게 전 대상을 추적
re-koreanre,코리안리재보험,,reinsurance,false,klia_member;knia_partner01;knia_kpub_regular;dart_ind_652,,not_checked,2026-10-09T04:29:49Z,KLIA 준회원 / KNIA 정회원사 / 재보험사 — 개인 소비자 상품공시 대상이 아닐 것으로 보아 공시실 탐색 생략 / KLIA 준회원이자 KNIA 정회원. 재보험 전업 — 소비자 상품공시 대상 아님(추정),true,https://www.koreanre.co.kr/,not_checked,two_or_more_sources,,,unqueried,아직 홈페이지·공시실을 조회하지 않음,unqueried,상품·특약 목록 열거 전(M3 어댑터 단계). 표본 검증과 무관하게 전 대상을 추적
re-rga-kr,RGA재보험 한국지점,RGA Reinsurance Company (Korea branch),reinsurance,true,klia_member;knia_partner01,,not_checked,2026-10-09T04:24:25Z,"KLIA 준회원 / KNIA 비회원사 / 재보험사 — 개인 소비자 상품공시 대상이 아닐 것으로 보아 공시실 탐색 생략 / KLIA 준회원, KNIA 비회원사 목록에 'RGA'. 영문명은 KNIA 'RGA' 표기 기반(정식 영문 법인명 미확인)",true,https://www.rgare.com/,not_checked,two_or_more_sources,,,unqueried,아직 홈페이지·공시실을 조회하지 않음,unqueried,상품·특약 목록 열거 전(M3 어댑터 단계). 표본 검증과 무관하게 전 대상을 추적
re-munichre-kr,뮌헨재보험,Munich Re,reinsurance,true,knia_partner01,,not_checked,2026-10-09T04:24:25Z,"KNIA 비회원사 / 재보험사 — 개인 소비자 상품공시 대상이 아닐 것으로 보아 공시실 탐색 생략 / 지점 여부는 명칭에 미표기 — 외국 재보험사 국내 영업소로 추정, foreign_branch=true는 추정값",true,https://www.munichre.kr/,not_checked,one_source,,,unqueried,아직 홈페이지·공시실을 조회하지 않음,unqueried,상품·특약 목록 열거 전(M3 어댑터 단계). 표본 검증과 무관하게 전 대상을 추적
re-genre-kr,제네럴재보험,,reinsurance,true,knia_partner01,,not_checked,2026-10-09T04:24:25Z,KNIA 비회원사 / 재보험사 — 개인 소비자 상품공시 대상이 아닐 것으로 보아 공시실 탐색 생략 / foreign_branch=true는 추정값,true,https://www.genre.com/,not_checked,one_source,,,unqueried,아직 홈페이지·공시실을 조회하지 않음,unqueried,상품·특약 목록 열거 전(M3 어댑터 단계). 표본 검증과 무관하게 전 대상을 추적
re-swissre-kr,스위스리아시아 피티이엘티디 한국지점,,reinsurance,true,knia_partner01,,not_checked,2026-10-09T04:24:25Z,KNIA 비회원사 / 재보험사 — 개인 소비자 상품공시 대상이 아닐 것으로 보아 공시실 탐색 생략,true,https://www.swissre.com/,not_checked,one_source,,,unqueried,아직 홈페이지·공시실을 조회하지 않음,unqueried,상품·특약 목록 열거 전(M3 어댑터 단계). 표본 검증과 무관하게 전 대상을 추적
re-scor-kr,SCOR(스코르) 재보험,SCOR,reinsurance,true,knia_partner01,,not_checked,2026-10-09T04:24:25Z,KNIA 비회원사 / 재보험사 — 개인 소비자 상품공시 대상이 아닐 것으로 보아 공시실 탐색 생략 / KNIA 비회원사 목록에 영문 'SCOR'로만 표기 — 한글 정식명 미확인. foreign_branch=true는 추정값,true,https://www.scor.com/,not_checked,one_source,,,unqueried,아직 홈페이지·공시실을 조회하지 않음,unqueried,상품·특약 목록 열거 전(M3 어댑터 단계). 표본 검증과 무관하게 전 대상을 추적
re-pacificlifere-kr,퍼시픽라이프리,,reinsurance,true,knia_partner01,,not_checked,2026-10-09T04:24:25Z,KNIA 비회원사 / 재보험사 — 개인 소비자 상품공시 대상이 아닐 것으로 보아 공시실 탐색 생략 / foreign_branch=true는 추정값,true,https://www.pacificlifere.com/,not_checked,one_source,,,unqueried,아직 홈페이지·공시실을 조회하지 않음,unqueried,상품·특약 목록 열거 전(M3 어댑터 단계). 표본 검증과 무관하게 전 대상을 추적
re-hannoverre-kr,하노버재보험,Hannover Re,reinsurance,true,knia_partner01,,not_checked,2026-10-09T04:24:25Z,KNIA 비회원사 / 재보험사 — 개인 소비자 상품공시 대상이 아닐 것으로 보아 공시실 탐색 생략 / foreign_branch=true는 추정값,true,https://www.hannover-re.com/,not_checked,one_source,,,unqueried,아직 홈페이지·공시실을 조회하지 않음,unqueried,상품·특약 목록 열거 전(M3 어댑터 단계). 표본 검증과 무관하게 전 대상을 추적
