source_id,url,what_it_lists,http_status,retrieved_at,sha256,notes
klia_member,https://www.klia.or.kr/klia/company/member/list.do,"생명보험협회 회원사안내: 정회원(생보사 20)·준회원(생보사 2, 재보험 2, 법인보험대리점 8)",200,2026-10-09T04:21:43Z,dc6dce8732fe6be83155deb9447c0a5b3aba6d40070b5e52b99419ed23d78728,[KLIA] 회원 구분별 회사명·홈페이지·주소 파싱. 법인보험대리점(GA)은 보험회사가 아니므로 제외
klia_pub_mngtdis,https://pub.insure.or.kr/mngtDis/mngtDis/list.do,생명보험협회 공시실 정기경영공시 회사 목록(생보사 22),200,2026-10-09T04:22:22Z,052d0204c9bc1cd1978cd2144282f3c77a748469062bc5e09a63c78792e23fec,[KLIA] klia_member와 같은 기관(KLIA) — 독립 출처로 세지 않음
knia_partner01,https://www.knia.or.kr/about/partner/partner01,손해보험협회 회원사: 정회원 16·준회원 1·비회원사 14,200,2026-10-09T04:24:25Z,32d45445ba4d6784c7b962caab41307f7ceaea47f3312ec7d1a821020d37a9c6,[KNIA] 과제 지시문은 www.knia.or.kr을 403으로 알렸으나 이 세션에서는 200(간헐적 connection reset 1회 후 재시도 성공)
knia_kpub_regular,https://kpub.knia.or.kr/managementDisc/regularly/regularlyDisclosure.do,손해보험협회 공시실 정기경영공시 회사 목록(16),200,2026-10-09T04:29:49Z,50498ca848882b1b072b29f19d5f05372212c5a6fda49530dae3d82599ec31c0,[KNIA] knia_partner01과 같은 기관 — 독립 출처로 세지 않음. kpub.knia.or.kr도 이 세션에서는 200
kidi_sitelink,https://www.kidi.or.kr/user/nd15720.do,보험개발원 사이트링크 > 보험회사 및 공제조합: 손보 19·생보 22·유사보험(공제조합) 13·공영보험 8,200,2026-10-09T04:24:59Z,5ad910ac755bff35529ab802abcc8f9c4998a9fce52df000160b7faf3ee3069e,"[KIDI] 링크 모음 페이지로 일부 구명칭·과거 회사 포함(DGB생명, MG손해보험, 캐롯손해보험). HTML 주석 처리된 항목(오렌지라이프)은 제외"
dart_ind_6511,https://dart.fss.or.kr/dsae001/search.ax,DART 기업개황 업종코드 6511(생명보험업) 회사 목록 36건,200,2026-10-09T04:27:43Z,7778994613bfde72d7dd17b7b67e6bb0c70d52e0ba2b2377208d2cf2f71b0f78,"[DART] POST /dsae001/search.ax. 법인 등록 정보 — 폐업·합병 법인 및 비보험사 포함, 허가·현행 영업 증명 아님"
dart_ind_6512,https://dart.fss.or.kr/dsae001/search.ax,DART 기업개황 업종코드 6512(손해보험업) 회사 목록 43건,200,2026-10-09T04:27:40Z,a4c9479f8e260637339b6bcdbcdc5757a24402d20d8b0691a8309f5371776304,[DART] 위와 같음. 펀드·보증기금 등 비보험사 다수 포함
dart_ind_652,https://dart.fss.or.kr/dsae001/search.ax,DART 기업개황 업종코드 652(재보험업) 회사 목록 3건,200,2026-10-09T04:27:37Z,ca9d398608e9b89fcfeb385fb5ca4e626c56a7e74abc07095ebf98f09f2ed438,[DART] 위와 같음
dart_ind_651_p1,https://dart.fss.or.kr/dsae001/search.ax,DART 기업개황 업종코드 651(보험업) 1/2쪽,200,2026-10-09T04:27:21Z,15032a0c8bfc60c26e64b58796c225c02c074eb1880790ef5b4c513f76dd6c6c,"[DART] 총 80건, 6511·6512와 대부분 중복"
dart_ind_651_p2,https://dart.fss.or.kr/dsae001/search.ax,DART 기업개황 업종코드 651(보험업) 2/2쪽,200,2026-10-09T04:27:33Z,0b42fb046cb1fafdcdbd7547842c0ec29df74bef5e103cbe14cd8e735e1d3dc2,[DART] 
klia_home,https://www.klia.or.kr/,탐색용(회원사 페이지 링크 발견),200,2026-10-09T04:21:35Z,dc950b8edf7f24f9a22969ddb951f9e6137b2f52bbe1a8460df9590cb5a31309,[KLIA] 목록 출처 아님
klia_pub_home,https://pub.insure.or.kr/,탐색용(공시실 메뉴 링크 발견),200,2026-10-09T04:22:13Z,33d73971f7579d3ef6cf22e9af68c236e5012b5c9b82287930a0044a874d0888,[KLIA] 목록 출처 아님
klia_member_history,https://www.klia.or.kr/klia/company/memberHis/list.do,회원사변천과정조회(명칭변경·합병 이력),200,2026-10-09T04:28:23Z,568e99fdb5e4c8057b0373aec841ac567ceaaeb918451d3d16e3f9b08b06b83b,"[KLIA] JS/XHR로 표를 채움 — 정적 HTML에 데이터 없음, 파싱 실패. 별칭 이력 미확보"
knia_home,https://www.knia.or.kr/,탐색용(회원사 메뉴 발견),200,2026-10-09T04:23:40Z,4a29ef4a74c824757a8e7d5fbcf4a9f19675677bb120e3b49f4fbd40d44ea54b,[KNIA] 목록 출처 아님
knia_kpub_main,https://kpub.knia.or.kr/main.do,탐색용(공시실 메뉴 발견),200,2026-10-09T04:29:34Z,3f45994708e9fde4eb4c2e7731cafb737c7ef8b6843d7e55a571a25aec1ae8fc,[KNIA] 목록 출처 아님
kidi_home,https://www.kidi.or.kr/,탐색용(관련사이트 메뉴 발견),200,2026-10-09T04:23:27Z,33f95db81c84afd28176e22d86892e49e0b9eb8cc61313039170404504692b60,[KIDI] 목록 출처 아님
dart_corp_form,https://dart.fss.or.kr/dsae001/main.do,탐색용(기업개황 검색 폼·파라미터),200,2026-10-09T04:27:11Z,b4114bf4588f58639dfe84564a32cd38727db7d24de0153dae4bfa0b0e6c0c05,[DART] 목록 출처 아님
dart_corp_tree,https://dart.fss.or.kr/dsae001/selectCorpTree.do,업종 트리 JSON,timeout,2026-10-09T04:26:21Z,33e05ea8a5d3f623599415aff83cd3de27519fe9834f43728e92b34ca289d1df,"[DART] 30초 타임아웃으로 일부만 수신(69,625 bytes) — 업종코드는 KSIC 체계로 직접 지정해 조회"
fss_outage_fine,https://fine.fss.or.kr/fine/fncco/coreMngmt/fisisLife.do?menuNo=900049,파인 생보 핵심경영지표(의도) → 실제로는 서비스 중단 안내,200_service_outage_notice,2026-10-09T04:22:45Z,e2cacb801ca930c371c8a2ca62036d06c059d11c663ffb309f598bbfc45ebd93,[FSS] FSS 전체 대국민 서비스 2026-10-08 18:00 ~ 10-10 24:00 정전 점검 중단 안내 페이지. 목록 미확보
fss_outage_www,https://www.fss.or.kr/,FSS 홈 → 서비스 중단 안내,200_service_outage_notice,2026-10-09T04:23:08Z,e6d5fdf1fcbeeda4e82f84effb9fb189ea282e2cf49d93315f333642c367a332,[FSS] 위와 같음
fss_outage_fisis,https://fisis.fss.or.kr/,FISIS 홈 → 서비스 중단 안내,200_service_outage_notice,2026-10-09T04:23:09Z,e6d5fdf1fcbeeda4e82f84effb9fb189ea282e2cf49d93315f333642c367a332,[FSS] 위와 같음
einsmarket_home,https://www.e-insmarket.or.kr/,보험다모아 홈(탐색),200,2026-10-09T04:25:41Z,ae58bd3603d2474fee2ab6db0ea90306a2c7310641ad68ea0323feb4e37ac72c,"[KLIA·KNIA] 쿠키 없이 302 루프, 쿠키 저장 시 200. 회사 목록은 상품 검색 결과 안에만 있어 사용하지 않음"
homepage_life-abl,https://www.abllife.co.kr/,회사 홈페이지/공시 페이지 — 공시실 링크 탐색·접근성 확인(회사 목록 출처 아님),200_geoblock_notice,2026-10-09T04:29:31Z,72f27abe398c1e6ed634b53113cd3ed446883e82ef50bb9795ec1057b58309f1,
homepage_life-samsung,https://www.samsunglife.com/,회사 홈페이지/공시 페이지 — 공시실 링크 탐색·접근성 확인(회사 목록 출처 아님),200_js_shell,2026-10-09T04:29:34Z,0e07488ef5775ad2aeebc54f3fa07323f3eda9457cfd9b6cfc38f2807569588d,
homepage_life-heungkuk,https://www.heungkuklife.co.kr/,회사 홈페이지/공시 페이지 — 공시실 링크 탐색·접근성 확인(회사 목록 출처 아님),200_geoblock_notice,2026-10-09T04:29:36Z,1a4b7f1bcad1c3fff949a905b3436ba66bec36e30e23323978d611a49cbbd59f,
homepage_life-kyobo,https://www.kyobo.com/,회사 홈페이지/공시 페이지 — 공시실 링크 탐색·접근성 확인(회사 목록 출처 아님),200,2026-10-09T04:29:39Z,15d7a3fcee6d32761487f1ea0282b7d191923e0a1467ef0eb1b9400148d790bb,
homepage_life-miraeasset,https://life.miraeasset.com/,회사 홈페이지/공시 페이지 — 공시실 링크 탐색·접근성 확인(회사 목록 출처 아님),200_js_shell,2026-10-09T04:30:12Z,ee3ba9411dec7c52dbf516dc58cf5b0bcc3aa6c661a8772cbfc4c037d4c794bf,
homepage_life-metlife,https://www.metlife.co.kr/,회사 홈페이지/공시 페이지 — 공시실 링크 탐색·접근성 확인(회사 목록 출처 아님),200,2026-10-09T04:30:49Z,9e1dbe302e174500d283b53516bb0e6f2609820d28a665a5e4c82a4a926605ef,
homepage_life-kb,https://www.kblife.co.kr/,회사 홈페이지/공시 페이지 — 공시실 링크 탐색·접근성 확인(회사 목록 출처 아님),200_js_shell,2026-10-09T04:30:50Z,f993ad8524a1769ee671f8272d7f14ef6ff2fb01055323927b77f0c4b222dca6,
homepage_life-chubb,https://www.chubblife.co.kr/,회사 홈페이지/공시 페이지 — 공시실 링크 탐색·접근성 확인(회사 목록 출처 아님),200_js_shell,2026-10-09T04:31:00Z,d596ad42eed3bdc34936609a1868f91138503068f8f317d06b1f4acd5157b234,
homepage_life-bnpcardif,https://www.cardif.co.kr/,회사 홈페이지/공시 페이지 — 공시실 링크 탐색·접근성 확인(회사 목록 출처 아님),200,2026-10-09T04:31:07Z,ac566ffbc9a033aae012eaa02e680c5f01b5b782ac24367b2ac0dc6095064230,
homepage_life-lina,https://www.lina.co.kr/,회사 홈페이지/공시 페이지 — 공시실 링크 탐색·접근성 확인(회사 목록 출처 아님),200,2026-10-09T04:31:19Z,719452fac1667a17e3114fcf9c9c260f077808a82736df35fbb7a5a2c28db327,
homepage_life-aia,https://www.aia.co.kr/,회사 홈페이지/공시 페이지 — 공시실 링크 탐색·접근성 확인(회사 목록 출처 아님),200,2026-10-09T04:31:22Z,d0f53862e97a669cfdf1ad8792798307bb7a9b3c2eb25360e8f8aa33692c9d36,final_url=https://www.aia.co.kr/ko.html
homepage_life-ibk,https://www.ibki.co.kr/,회사 홈페이지/공시 페이지 — 공시실 링크 탐색·접근성 확인(회사 목록 출처 아님),200_geoblock_notice,2026-10-09T04:31:35Z,d5edb29715def1e706a0a5d39f8a1a5fedba1eb0f611f35d23e4f9fb3d84e8a2,
homepage_life-kyobo-lifeplanet,https://www.lifeplanet.co.kr/,회사 홈페이지/공시 페이지 — 공시실 링크 탐색·접근성 확인(회사 목록 출처 아님),200,2026-10-09T04:31:41Z,116627c4ee9a3d0b4f2bafebd0c4f205cc27e170ae0a0ae66ef8ea630f8483c2,final_url=https://www.lifeplanet.co.kr/startmain/main.dev
homepage_nonlife-meritz,https://www.meritzfire.com/,회사 홈페이지/공시 페이지 — 공시실 링크 탐색·접근성 확인(회사 목록 출처 아님),200,2026-10-09T04:31:46Z,d3868703ce0d1697ff99e5e0752315a4050738f97a3e2b8c76049a984b952dd8,
homepage_nonlife-hanwha,https://www.hwgeneralins.com/,회사 홈페이지/공시 페이지 — 공시실 링크 탐색·접근성 확인(회사 목록 출처 아님),200,2026-10-09T04:31:48Z,2722b3f8cefb1394d0409084fab2ce53569b954428e2c146137fefc928862ec0,
homepage_nonlife-heungkuk,https://www.heungkukfire.co.kr/,회사 홈페이지/공시 페이지 — 공시실 링크 탐색·접근성 확인(회사 목록 출처 아님),200,2026-10-09T04:32:06Z,b7f6a9fbefd49f10eddf3d77aad785c0799dcec0d38e25575b5889e9e5edbf26,
homepage_nonlife-hyundai,https://www.hi.co.kr/,회사 홈페이지/공시 페이지 — 공시실 링크 탐색·접근성 확인(회사 목록 출처 아님),200_js_shell,2026-10-09T04:32:13Z,b09db1d290f5f6f74472bb37d8482365e7983d4b230b91101c556ce857e5633c,
homepage_nonlife-kb,https://www.kbinsure.co.kr/,회사 홈페이지/공시 페이지 — 공시실 링크 탐색·접근성 확인(회사 목록 출처 아님),200,2026-10-09T04:32:16Z,5e48f75529d57b3fb32d9bad3ac8192af42317f41fb0bfd3b58ee53d8b7e5a49,
homepage_nonlife-db,https://www.idbins.com/,회사 홈페이지/공시 페이지 — 공시실 링크 탐색·접근성 확인(회사 목록 출처 아님),200_js_shell,2026-10-09T04:32:18Z,5e5041df5b91d2aee6ba467e90b7886c21976d79bc79ceeceb19093e4c95cf15,
homepage_guarantee-sgi,https://www.sgic.co.kr/,회사 홈페이지/공시 페이지 — 공시실 링크 탐색·접근성 확인(회사 목록 출처 아님),200,2026-10-09T04:32:21Z,12525c8d83ae84416705861d116f9358808fef8194e2baf8451e9c3f20769680,
homepage_nonlife-axa,https://www.axa.co.kr/,회사 홈페이지/공시 페이지 — 공시실 링크 탐색·접근성 확인(회사 목록 출처 아님),200,2026-10-09T04:32:23Z,3c150d8157e24bc1872950e32c13ff99627f74cb6ec2b59651ede4525047beb9,final_url=https://www.axa.co.kr/cui/
homepage_nonlife-aig,https://www.aig.co.kr/,회사 홈페이지/공시 페이지 — 공시실 링크 탐색·접근성 확인(회사 목록 출처 아님),200_js_shell,2026-10-09T04:32:26Z,4c65382688d18a202a06b10f9cd8142ca800beccc131d1e2baf2c28471ae851f,
homepage_nonlife-kakaopay,https://www.kakaopayinscorp.co.kr/,회사 홈페이지/공시 페이지 — 공시실 링크 탐색·접근성 확인(회사 목록 출처 아님),200,2026-10-09T04:32:41Z,24868667c240b818ca0c729246a7784836b4439d52fa05a50b1df30e816c6fed,
homepage_nonlife-shinhanez,https://www.shinhanez.co.kr/,회사 홈페이지/공시 페이지 — 공시실 링크 탐색·접근성 확인(회사 목록 출처 아님),200_js_shell,2026-10-09T04:32:44Z,f1e99e4dd600ce22281a7a98a899c2ee7bc9e069855b32332cfd03050fb3b6ac,
homepage_nonlife-ace-chubb,https://www.chubb.com/kr-kr/,회사 홈페이지/공시 페이지 — 공시실 링크 탐색·접근성 확인(회사 목록 출처 아님),200,2026-10-09T04:32:46Z,26095ebb8f4718fb49236939a7848bb6afabd500752c243de2c417e5067ee99f,
homepage_nonlife-mitsuisumitomo,https://www.ms-ins.co.kr/,회사 홈페이지/공시 페이지 — 공시실 링크 탐색·접근성 확인(회사 목록 출처 아님),200,2026-10-09T04:32:48Z,60646474f1b928745f10b41680171eb69cd28f202b6c335515580588d7d34d8c,final_url=https://www.ms-ins.co.kr/kor/template/main.asp
homepage_nonlife-firstam,https://www.firstam.co.kr/,회사 홈페이지/공시 페이지 — 공시실 링크 탐색·접근성 확인(회사 목록 출처 아님),200,2026-10-09T04:32:51Z,cd98b77999bfba73ac96392090f8b0abd0e19f424d023e65fd27efbebac1807e,
homepage_coop-suhyup,https://www.suhyup.co.kr/,회사 홈페이지/공시 페이지 — 공시실 링크 탐색·접근성 확인(회사 목록 출처 아님),200_js_shell,2026-10-09T04:33:19Z,58056ac248eda87c5461e815c2ca7c973b5419ff8c56d946ae5fb06425c827a1,
homepage_coop-cu,https://www.cu.co.kr/,회사 홈페이지/공시 페이지 — 공시실 링크 탐색·접근성 확인(회사 목록 출처 아님),200,2026-10-09T04:33:22Z,5648abf48748204106410e60473c4b99bc3e707a21f478bf074bcd0d82f4d365,final_url=https://www.cu.co.kr:443/cu/main.do
homepage_coop-kfcc,https://www.kfcc.co.kr/,회사 홈페이지/공시 페이지 — 공시실 링크 탐색·접근성 확인(회사 목록 출처 아님),200,2026-10-09T04:33:27Z,e9eaa173610b37c03bc094498ea40ce47bb22ff578bccca8e0c4566638240739,
disclosure_life-aia,https://www.aia.co.kr/ko/disclosure/our-products.html,회사 홈페이지/공시 페이지 — 공시실 링크 탐색·접근성 확인(회사 목록 출처 아님),200,2026-10-09T04:33:54Z,be0f391e8ec66dec22fd4e1488a574c3e849da47b4abf83546131cde8d3005f2,final_url=https://www.aia.co.kr/ko/disclosure/our-products/disclosing-process.html
disclosure_life-bnpcardif,https://www.cardif.co.kr/disclosure/product/papag001.do,회사 홈페이지/공시 페이지 — 공시실 링크 탐색·접근성 확인(회사 목록 출처 아님),200,2026-10-09T04:33:56Z,5e44bea4c12639b29c22933159bf2ecd16abde60bdac1772d5ee8c881ee6d8c2,
disclosure_life-kyobo-lifeplanet,https://www.lifeplanet.co.kr/disclosure/good/HPDA01S0.dev,회사 홈페이지/공시 페이지 — 공시실 링크 탐색·접근성 확인(회사 목록 출처 아님),200,2026-10-09T04:33:59Z,ecbe642fc9753f081e23e027968d0e96f6c2b83ec9bd2742cf36570023ff7131,
disclosure_nonlife-heungkuk,https://www.heungkukfire.co.kr/FRW/announce/insGoodsGongsiSale.do,회사 홈페이지/공시 페이지 — 공시실 링크 탐색·접근성 확인(회사 목록 출처 아님),200,2026-10-09T04:34:05Z,c5cefac66be3e06b79245042a460980ffac86a21587c3cc7677fc18b0a13ee7a,
disclosure_nonlife-ace-chubb,https://www.chubb.com/kr-kr/disclosure/product-disclosure.html,회사 홈페이지/공시 페이지 — 공시실 링크 탐색·접근성 확인(회사 목록 출처 아님),200,2026-10-09T04:34:09Z,812f382989743a2e5895a5d6aef2bb7052b480134bac95291d1d49c7b19c2d6f,
disclosure_nonlife-mitsuisumitomo-kr,https://www.ms-ins.co.kr/kor/template/0304_01.asp,회사 홈페이지/공시 페이지 — 공시실 링크 탐색·접근성 확인(회사 목록 출처 아님),200,2026-10-09T04:34:11Z,0bab24c00fa9584d8b08690ade0d77acc7b076fa4f3b6afd250f174e3204c97f,
homepage_redirect_life-chubb,https://www.chubblife.co.kr/index.do,회사 홈페이지/공시 페이지 — 공시실 링크 탐색·접근성 확인(회사 목록 출처 아님),200,2026-10-09T04:34:14Z,f49a3f3eb8602012e6a8b1f169973c5b107c05393581b77ba59c00f6a592bb43,
homepage_redirect_nonlife-db,https://www.idbins.com/main.do,회사 홈페이지/공시 페이지 — 공시실 링크 탐색·접근성 확인(회사 목록 출처 아님),200,2026-10-09T04:34:19Z,a66852bc532580c7f880593974cb6e77bc4c8b3539c71f34968c83bb084d6f03,final_url=https://www.idbins.com/FWMAIV0001.do
homepage_redirect_guarantee-sgi,https://www.sgic.co.kr/biz/ccp/index.html,회사 홈페이지/공시 페이지 — 공시실 링크 탐색·접근성 확인(회사 목록 출처 아님),200,2026-10-09T04:34:26Z,12525c8d83ae84416705861d116f9358808fef8194e2baf8451e9c3f20769680,
homepage_redirect_nonlife-aig,https://www.aig.co.kr/wm/dpwmm001.html,회사 홈페이지/공시 페이지 — 공시실 링크 탐색·접근성 확인(회사 목록 출처 아님),200,2026-10-09T04:34:28Z,89abece525666e7686377a06b9bf5c421d8992d80ccb14d6b60bbbc1ea86ca18,
homepage_redirect_nonlife-shinhanez,https://www.shinhanez.co.kr/static/man/MAIN0000M01.html,회사 홈페이지/공시 페이지 — 공시실 링크 탐색·접근성 확인(회사 목록 출처 아님),200,2026-10-09T04:34:32Z,a30d954f55c1285b37bc27c20ed8e618dac918f033545633b8a38b00f54ec6f8,
homepage_redirect_coop-suhyup,https://www.suhyup.co.kr/index.jsp,회사 홈페이지/공시 페이지 — 공시실 링크 탐색·접근성 확인(회사 목록 출처 아님),200_js_shell,2026-10-09T04:34:36Z,c9083b0bce4f2ba07c4449a133f46026dc20ed472025c71544c885717a4aa861,
disclosure_nonlife-db,https://www.idbins.com/pc/bizxpress/pb/ppb/mnu/FWMAIV1530.shtm,회사 홈페이지/공시 페이지 — 공시실 링크 탐색·접근성 확인(회사 목록 출처 아님),200,2026-10-09T04:34:59Z,bfab568d3a53ceb3f7fa2dbf4bf573ebeb4f41b6060f213877359e95330cc098,
disclosure_life-chubb,https://www.chubblife.co.kr/front/official/sale/list.do,회사 홈페이지/공시 페이지 — 공시실 링크 탐색·접근성 확인(회사 목록 출처 아님),200,2026-10-09T04:35:03Z,bf0c5f5106f22041b2120124081572da2aae8ffbe5024228bedb3f9ca9608822,
