ts	method	url	status	file	sha256	purpose
2026-10-10T02:39:16Z	GET	https://www.samsunglife.com/robots.txt	200 https://www.samsunglife.com/robots.txt 75	raw/robots_www.samsunglife.com.txt	698031218f8652ec8f6a64e33a0fdf7a86658329a3c71ed43faab25cfeedbd9f	robots.txt
2026-10-10T02:39:20Z	GET	https://www.kyobo.com/robots.txt	200 https://www.kyobo.com/robots.txt 72	raw/robots_www.kyobo.com.txt	0efb174748d1d1747ecb4a608d3e0d434be90156f6d73d8ed2a254b5eb781813	robots.txt
2026-10-10T02:39:24Z	GET	https://www.lifeplanet.co.kr/robots.txt	200 https://www.lifeplanet.co.kr/robots.txt 213	raw/robots_www.lifeplanet.co.kr.txt	9751954e0f947023f38887b615b86369a5a0dfeeafd6290091edcca135749d67	robots.txt
2026-10-10T02:39:28Z	GET	https://www.kblife.co.kr/robots.txt	ERR28 curl: (28) Operation timed out after 60002 milliseconds with 0 bytes received 000 https://www.kblife.co.kr/robots.txt 0	raw/robots_www.kblife.co.kr.txt		robots.txt
2026-10-10T02:40:30Z	GET	https://www.metlife.co.kr/robots.txt	200 https://www.metlife.co.kr/robots.txt 72	raw/robots_www.metlife.co.kr.txt	7ba8e00d43f43bcc5cde9dc1a6363786d39136c13343de80ef2af0e4d2e07ed5	robots.txt
2026-10-10T02:40:33Z	GET	https://www.aia.co.kr/robots.txt	404 https://www.aia.co.kr/robots.txt 0	raw/robots_www.aia.co.kr.txt	e3b0c44298fc1c149afbf4c8996fb92427ae41e4649b934ca495991b7852b855	robots.txt
2026-10-10T02:40:37Z	GET	https://www.lina.co.kr/robots.txt	404 https://www.lina.co.kr/robots.txt 0	raw/robots_www.lina.co.kr.txt	e3b0c44298fc1c149afbf4c8996fb92427ae41e4649b934ca495991b7852b855	robots.txt
2026-10-10T02:40:42Z	GET	https://www.imlifeins.co.kr/robots.txt	ERR35 curl: (35) OpenSSL SSL_connect: SSL_ERROR_SYSCALL in connection to www.imlifeins.co.kr:443 000 https://www.imlifeins.co.kr/robots.txt 0	raw/robots_www.imlifeins.co.kr.txt		robots.txt
2026-10-10T02:41:22Z	GET	https://www.samsunglife.com/gw/sitemap.xml	200 https://www.samsunglife.com/gw/sitemap.xml 74372	raw/sl_sitemap.xml	38a1f999cf7cd506034b8081099f0b64a16787af5bed1571a010ff9ecb55af5d	sitemap for disclosure URLs
2026-10-10T02:41:32Z	GET	https://www.samsunglife.com/individual/products/disclosure/sales/PDO-PRPRI010110M	200 https://www.samsunglife.com/individual/products/disclosure/sales/PDO-PRPRI010110M 3668	raw/sl_PRPRI010110M.html	0e07488ef5775ad2aeebc54f3fa07323f3eda9457cfd9b6cfc38f2807569588d	Samsung 판매상품 공시 page shell
2026-10-10T02:41:39Z	GET	https://www.samsunglife.com/assets/js/runtime.6e755620.js	200 https://www.samsunglife.com/assets/js/runtime.6e755620.js 287094	raw/sl_runtime.js	096511057583ea1cd1d2c22ac89ee7583a37970b32a97cd9d8b5dd92dcb49787	Samsung webpack runtime (chunk map)
2026-10-10T02:41:44Z	GET	https://www.samsunglife.com/assets/js/app.d0711c89.js	200 https://www.samsunglife.com/assets/js/app.d0711c89.js 2388032	raw/sl_app.js	bd6347701b47ff6441d1c596f854eea1e3ed278db8d38faf092f6f555c45d390	Samsung app bundle (router)
2026-10-10T02:42:06Z	GET	https://www.samsunglife.com/assets/js/view_pc_individual_products_disclosure_sales.2c3f877b.js	200 https://www.samsunglife.com/assets/js/view_pc_individual_products_disclosure_sales.2c3f877b.js 47147	raw/sl_chunk_sales.js	7d14591d5b67f14063c39a037fb341d0065f84c7b22f178116329c1aad89a03c	Samsung disclosure sales view chunk (API discovery)
2026-10-10T02:42:39Z	POST	https://www.samsunglife.com/gw/api/product/disclosure/product/prdt/salesPrdtList  DATA={"mCode":" ","gCode":" ","sCode":" ","searchYear":"","goodsName":"","pageNo":1,"pageRows":10}	200 https://www.samsunglife.com/gw/api/product/disclosure/product/prdt/salesPrdtList 368	raw/sl_sales_p1.json	6048301b3ecbb1d2f89ad56fb4e687dd22092a51b0cb26fec9bf432c0c1280ff	Samsung 판매상품 list page1
2026-10-10T02:42:51Z	POST	https://www.samsunglife.com/gw/api/product/disclosure/product/prdt/salesPrdtList  DATA=mCode=+&gCode=+&sCode=+&searchYear=&goodsName=&pageNo=1&pageRows=10	200 https://www.samsunglife.com/gw/api/product/disclosure/product/prdt/salesPrdtList 4704	raw/sl_sales_p1.json	601d16885e3eaaa56ae4e89c6adf11ea83d724c55c8d7a47d9c3c5ce7a76a903	Samsung 판매상품 list page1 (form)
2026-10-10T02:43:01Z	POST	https://www.samsunglife.com/gw/api/product/disclosure/product/prdt/salesPrdtList  DATA=mCode=+&gCode=+&sCode=+&searchYear=&goodsName=&pageNo=1&pageRows=400	200 https://www.samsunglife.com/gw/api/product/disclosure/product/prdt/salesPrdtList 160530	raw/sl_sales_all.json	a852230db14d4cd5563beb4825216558049e20830eb22e89e5d8c1262d77e3e2	Samsung 판매상품 full list (pageRows=400)
2026-10-10T02:43:06Z	POST	https://www.samsunglife.com/gw/api/product/disclosure/product/prdt/salesStopPrdtList  DATA=mCode=+&gCode=+&sCode=+&searchYear=+&goodsName=&pageNo=1&pageRows=1000	200 https://www.samsunglife.com/gw/api/product/disclosure/product/prdt/salesStopPrdtList 569527	raw/sl_stop_p1.json	2112b7b46b33cb27c088c5f945e27fd11da6c842dcf93404b54469418206bde5	Samsung 판매중지 list page1 (pageRows=1000)
2026-10-10T02:43:16Z	POST	https://www.samsunglife.com/gw/api/product/disclosure/product/prdt/salesStopPrdtList  DATA=mCode=+&gCode=+&sCode=+&searchYear=+&goodsName=&pageNo=1&pageRows=7000	200 https://www.samsunglife.com/gw/api/product/disclosure/product/prdt/salesStopPrdtList 3543702	raw/sl_stop_all.json	aa3d6276cdc7110b5aa286b395a31841b8d2ed2a3ebacc810ab3fe3451144daa	Samsung 판매중지 full list (pageRows=7000)
2026-10-10T02:44:30Z	GET	https://pcms.samsunglife.com/robots.txt	417 https://pcms.samsunglife.com/robots.txt 1325	raw/robots_pcms.samsunglife.com.txt	3011905bd6a348624ae5b216f2f8ddac0535f75fdc7722318ec169420b1b346f	robots.txt
2026-10-10T02:44:33Z	GET	https://pcms.samsunglife.com/partnerpage/CustomerPage_Unit.jsp?goodsCode=LP0286011&docType=301&saleDate=20260923&pageGubun=prdt	417 https://pcms.samsunglife.com/partnerpage/CustomerPage_Unit.jsp?goodsCode=LP0286011&docType=301&saleDate=20260923&pageGubun=prdt 1325	raw/sl_pcms_LP0286011_301_20260923.html	27674cd9e36342720910f693dd062823800d11bb2c26926566d56b8a74217407	Samsung 약관 viewer page 인터넷암보험(2404) latest
2026-10-10T02:44:42Z	GET	https://pcms.samsunglife.com/partnerpage/CustomerPage_Unit.jsp?goodsCode=LP0286011&docType=301&saleDate=20260923&pageGubun=prdt	417 https://pcms.samsunglife.com/partnerpage/CustomerPage_Unit.jsp?goodsCode=LP0286011&docType=301&saleDate=20260923&pageGubun=prdt 1325	raw/sl_pcms_LP0286011_301_20260923.html	15e4b04a581399673002a3d5b78d0d4e1e1d968995b7f1b49a7f4f90c2cfd16e	Samsung 약관 viewer retry with Accept headers
2026-10-10T02:44:58Z	GET	https://www.kyobo.com/dgt/web/product-official/all-product/search	200 https://www.kyobo.com/dgt/web/product-official/all-product/search 100901	raw/kb_search.html	06c659d2d4143405b5c67750c87aa149e7e4c23093a4b8827541e518db952541	Kyobo 상품공시 전체상품 search page
2026-10-10T02:45:34Z	POST	https://www.kyobo.com/dtc/product-official/find-allProductSearch  DATA={"dgtPdtAtrDvCd":"M","dgtPdtAtrLclCd":"","dgtPdtAtrMclCd":"99","dgtPdtAtrSmclCd":"99","saleYn":"99","dgtMseAddiPsYn":"","searchTxt":"","currentPage":1,"pagePerSize":3000,"pageNumber":10,"deviceDv":"PC"}	200 https://www.kyobo.com/dtc/product-official/find-allProductSearch 1951064	raw/kb_list_all.json	3c19a7d5ccc7e968ac7d5927145b5d6decaf0f9246cde79d719796b058c93548	Kyobo 전체 상품 list all (pagePerSize=3000)
2026-10-10T02:46:29Z	POST	https://www.kyobo.com/dtc/product-official/find-allProductSearchDetail  DATA={"dgtPdtPdSeqtId":"32489"}	200 https://www.kyobo.com/dtc/product-official/find-allProductSearchDetail 3171	raw/kb_dtl_32489.json	1c321905c24b58268928e2a875346cb25616de7f8a7bad1a6a762a1906fa6e7a	Kyobo 기간별 다운로드 detail seq 32489
2026-10-10T02:46:33Z	POST	https://www.kyobo.com/dtc/product-official/find-allProductSearchDetail  DATA={"dgtPdtPdSeqtId":"248"}	200 https://www.kyobo.com/dtc/product-official/find-allProductSearchDetail 66644	raw/kb_dtl_248.json	a985cd19b2c85fc4a79dbcb51ac5edbfe7180eb180684db90dfb3a2b61ba5bc1	Kyobo 기간별 다운로드 detail seq 248
2026-10-10T02:46:37Z	POST	https://www.kyobo.com/dtc/product-official/find-allProductSearchDetail  DATA={"dgtPdtPdSeqtId":"3112"}	200 https://www.kyobo.com/dtc/product-official/find-allProductSearchDetail 5050	raw/kb_dtl_3112.json	183bb4759014a8ea0037c37fe4fdee36651913e3b77c246c5ab991a27d199562	Kyobo 기간별 다운로드 detail seq 3112
2026-10-10T02:46:42Z	POST	https://www.kyobo.com/dtc/product-official/find-allProductSearchDetail  DATA={"dgtPdtPdSeqtId":"27337"}	200 https://www.kyobo.com/dtc/product-official/find-allProductSearchDetail 7885	raw/kb_dtl_27337.json	032e8da23315e903ea07c8da54a3856f9e5ad8e537bfc4e8ab73d458b16945c7	Kyobo 기간별 다운로드 detail seq 27337
2026-10-10T02:46:46Z	POST	https://www.kyobo.com/dtc/product-official/find-allProductSearchDetail  DATA={"dgtPdtPdSeqtId":"34908"}	ERR35 curl: (35) Recv failure: Connection reset by peer 000 https://www.kyobo.com/dtc/product-official/find-allProductSearchDetail 0	raw/kb_dtl_34908.json		Kyobo 기간별 다운로드 detail seq 34908
2026-10-10T02:47:18Z	POST	https://www.kyobo.com/dtc/product-official/find-allProductSearchDetail  DATA={"dgtPdtPdSeqtId":"34908"}	200 https://www.kyobo.com/dtc/product-official/find-allProductSearchDetail 2317	raw/kb_dtl_34908.json	7309786b4f9acc429cf51f4662dd4281fae71487eab566b66b7484257fb02ab5	Kyobo 기간별 다운로드 detail seq 34908
2026-10-10T02:47:23Z	POST	https://www.kyobo.com/dtc/product-official/find-allProductSearchDetail  DATA={"dgtPdtPdSeqtId":"396"}	200 https://www.kyobo.com/dtc/product-official/find-allProductSearchDetail 5481	raw/kb_dtl_396.json	e225248d3e626de9056aee0bc0f9a56285dd1b309f9d33c791df19d85d07b127	Kyobo 기간별 다운로드 detail seq 396
2026-10-10T02:47:29Z	POST	https://www.kyobo.com/dtc/product-official/find-allProductSearchDetail  DATA={"dgtPdtPdSeqtId":"397"}	200 https://www.kyobo.com/dtc/product-official/find-allProductSearchDetail 5376	raw/kb_dtl_397.json	01700290b443f356931330dbf7cbae079d0e88f864bb4717d90c68f7d0dd2042	Kyobo 기간별 다운로드 detail seq 397
2026-10-10T02:47:45Z	HEAD	https://www.kyobo.com/file/ajax/download?fName=/dtc/pdf/mm/MzdjNjg0ZWMt_1001115_%EA%B5%90%EB%B3%B4%EC%8B%A4%EC%86%90%EC%9D%98%EB%A3%8C%EB%B9%84%EB%B3%B4%ED%97%98%E2%85%A4%20%28%EB%AC%B4%EB%B0%B0%EB%8B%B9%2C%EA%B0%B1%EC%8B%A0%ED%98%95%29_26.6.29%20%EA%B3%B5%EC%8B%9C%EC%9A%A9%20%ED%86%B5%ED%95%A9%EC%95%BD%EA%B4%80.pdf	ERR35 curl: (35) Recv failure: Connection reset by peer 000 https://www.kyobo.com/file/ajax/download?fName=/dtc/pdf/mm/MzdjNjg0ZWMt_1001115_%EA%B5%90%EB%B3%B4%EC%8B%A4%EC%86%90%EC%9D%98%EB%A3%8C%EB%B9%84%EB%B3%B4%ED%97%98%E2%85%A4%20%28%EB%AC%B4%EB%B0%B0%EB%8B%B9%2C%EA%B0%B1%EC%8B%A0%ED%98%95%29_26.6.29%20%EA%B3%B5%EC%8B%9C%EC%9A%A9%20%ED%86%B5%ED%95%A9%EC%95%BD%EA%B4%80.pdf 0	raw/kb_head_482dc14c.txt	e8686a973844835d982b4caba4113ca34f4af19b383cc4c595c1d18c649ce310	Kyobo HEAD file size/Last-Modified check: MzdjNjg0ZWMt_1001115_교보실손의료비보험Ⅴ (무배당,갱신형)_26.6.29 공시용 통합약관.pdf
2026-10-10T02:47:51Z	HEAD	https://www.kyobo.com/file/ajax/download?fName=/dtc/pdf/mm/MWY0YmFkNDIt_1001115_%EA%B5%90%EB%B3%B4%EC%8B%A4%EC%86%90%EC%9D%98%EB%A3%8C%EB%B9%84%EB%B3%B4%ED%97%98%E2%85%A4%20%28%EB%AC%B4%EB%B0%B0%EB%8B%B9%2C%EA%B0%B1%EC%8B%A0%ED%98%95%29_26.6.29%20%EA%B3%B5%EC%8B%9C%EC%9A%A9%20%ED%86%B5%ED%95%A9%EC%95%BD%EA%B4%80.pdf	200 https://www.kyobo.com/file/ajax/download?fName=/dtc/pdf/mm/MWY0YmFkNDIt_1001115_%EA%B5%90%EB%B3%B4%EC%8B%A4%EC%86%90%EC%9D%98%EB%A3%8C%EB%B9%84%EB%B3%B4%ED%97%98%E2%85%A4%20%28%EB%AC%B4%EB%B0%B0%EB%8B%B9%2C%EA%B0%B1%EC%8B%A0%ED%98%95%29_26.6.29%20%EA%B3%B5%EC%8B%9C%EC%9A%A9%20%ED%86%B5%ED%95%A9%EC%95%BD%EA%B4%80.pdf 0	raw/kb_head_4dd6a1cb.txt	d997af15012ef3b3c2d9c07fc55f5831ab783b37db815dd24cbf9d3c3d9996f7	Kyobo HEAD file size/Last-Modified check: MWY0YmFkNDIt_1001115_교보실손의료비보험Ⅴ (무배당,갱신형)_26.6.29 공시용 통합약관.pdf
2026-10-10T02:47:57Z	HEAD	https://www.kyobo.com/file/ajax/download?fName=/dtc/pdf/mm/M2Q2NzM1ZWYt_1000953_%EA%B5%90%EB%B3%B4K-%EC%8B%A4%EC%86%8D%EC%A2%85%EC%8B%A0%EB%B3%B4%ED%97%98%20%28%EB%AC%B4%EB%B0%B0%EB%8B%B9%29_26.6.29%20%EA%B3%B5%EC%8B%9C%EC%9A%A9%20%ED%86%B5%ED%95%A9%EC%95%BD%EA%B4%80.pdf	200 https://www.kyobo.com/file/ajax/download?fName=/dtc/pdf/mm/M2Q2NzM1ZWYt_1000953_%EA%B5%90%EB%B3%B4K-%EC%8B%A4%EC%86%8D%EC%A2%85%EC%8B%A0%EB%B3%B4%ED%97%98%20%28%EB%AC%B4%EB%B0%B0%EB%8B%B9%29_26.6.29%20%EA%B3%B5%EC%8B%9C%EC%9A%A9%20%ED%86%B5%ED%95%A9%EC%95%BD%EA%B4%80.pdf 0	raw/kb_head_77648030.txt	0e5ba68f41975778a7fbdb87b6f6e16d370e973a57d18b23508c6e56dc71773b	Kyobo HEAD file size/Last-Modified check: M2Q2NzM1ZWYt_1000953_교보K-실속종신보험 (무배당)_26.6.29 공시용 통합약관.pdf
2026-10-10T02:48:02Z	HEAD	https://www.kyobo.com/file/ajax/download?fName=/dtc/pdf/mm/177-1.%EB%B9%84%EB%84%88%EC%8A%A4%EC%95%94%EC%B9%98%EB%A3%8C%EB%B3%B4%ED%97%98%EC%9D%B8%EC%87%84%EC%95%BD%EA%B4%80%281995.06%2902%5B20220617160725605%5D.pdf	200 https://www.kyobo.com/file/ajax/download?fName=/dtc/pdf/mm/177-1.%EB%B9%84%EB%84%88%EC%8A%A4%EC%95%94%EC%B9%98%EB%A3%8C%EB%B3%B4%ED%97%98%EC%9D%B8%EC%87%84%EC%95%BD%EA%B4%80%281995.06%2902%5B20220617160725605%5D.pdf 0	raw/kb_head_8bb94e19.txt	57be94aea7685df71ff293f80499a1ba9ff59910f8d1a3822f1b4f9cbee6ac86	Kyobo HEAD file size/Last-Modified check: 177-1.비너스암치료보험인쇄약관(1995.06)02[20220617160725605].pdf
2026-10-10T02:48:12Z	GET	https://www.kyobo.com/file/ajax/download?fName=/dtc/pdf/mm/MWY0YmFkNDIt_1001115_%EA%B5%90%EB%B3%B4%EC%8B%A4%EC%86%90%EC%9D%98%EB%A3%8C%EB%B9%84%EB%B3%B4%ED%97%98%E2%85%A4%20%28%EB%AC%B4%EB%B0%B0%EB%8B%B9%2C%EA%B0%B1%EC%8B%A0%ED%98%95%29_26.6.29%20%EA%B3%B5%EC%8B%9C%EC%9A%A9%20%ED%86%B5%ED%95%A9%EC%95%BD%EA%B4%80.pdf	200 https://www.kyobo.com/file/ajax/download?fName=/dtc/pdf/mm/MWY0YmFkNDIt_1001115_%EA%B5%90%EB%B3%B4%EC%8B%A4%EC%86%90%EC%9D%98%EB%A3%8C%EB%B9%84%EB%B3%B4%ED%97%98%E2%85%A4%20%28%EB%AC%B4%EB%B0%B0%EB%8B%B9%2C%EA%B0%B1%EC%8B%A0%ED%98%95%29_26.6.29%20%EA%B3%B5%EC%8B%9C%EC%9A%A9%20%ED%86%B5%ED%95%A9%EC%95%BD%EA%B4%80.pdf 5705138	raw/pdf/kb_silsonV_D_terms_20260629.pdf	73c7a06a6b6c00a349b06b71babfe825612f9353f0a022efcf3eb6066ffb528f	PDF#1 Kyobo 실손Ⅴ [D] channel 약관 — compare bytes with face-to-face 약관 (project sha 73c7a06a)
2026-10-10T02:48:23Z	HEAD	https://www.kyobo.com/file/ajax/download?fName=/dtc/pdf/mm/YzgxOTU1Yjgt_%EA%B5%90%EB%B3%B4%ED%86%B5%ED%95%A9%EC%95%94%EB%B3%B4%ED%97%98%20%28%EB%AC%B4%EB%B0%B0%EB%8B%B9%29%20%EA%B3%B5%EC%8B%9C%EC%9A%A9%20%ED%86%B5%ED%95%A9%EC%95%BD%EA%B4%80%282026.06.29%29.pdf	200 https://www.kyobo.com/file/ajax/download?fName=/dtc/pdf/mm/YzgxOTU1Yjgt_%EA%B5%90%EB%B3%B4%ED%86%B5%ED%95%A9%EC%95%94%EB%B3%B4%ED%97%98%20%28%EB%AC%B4%EB%B0%B0%EB%8B%B9%29%20%EA%B3%B5%EC%8B%9C%EC%9A%A9%20%ED%86%B5%ED%95%A9%EC%95%BD%EA%B4%80%282026.06.29%29.pdf 0	raw/kb_head_cancerD.txt	2d025d01e1fc43122d6c82f8bea8c2088a46c5523eb7780af8d5341c3bbbde30	Kyobo HEAD 통합암 [D] 약관 size vs 대면 (project 32374916)
2026-10-10T02:48:33Z	GET	https://www.lifeplanet.co.kr/disclosure/good/HPDA01S0.dev	200 https://www.lifeplanet.co.kr/disclosure/good/HPDA01S0.dev 802933	raw/lp_HPDA01S0.html	c0520a6fb65a720e6475b7cdd133c1143368a2985d0ade6a56cfb540c1634a04	LifePlanet 상품공시 page
2026-10-10T02:48:59Z	GET	https://www.lifeplanet.co.kr/disclosure/good/HPDA11S0.dev	200 https://www.lifeplanet.co.kr/disclosure/good/HPDA11S0.dev 930584	raw/lp_HPDA11S0.html	1cd96083bc0786e346b7fb63d783ffe70cb7a6960fbf03036f7203d56a1b8688	LifePlanet 판매 중인 상품정보
2026-10-10T02:49:09Z	GET	https://www.lifeplanet.co.kr/disclosure/good/HPDA21S0.dev	200 https://www.lifeplanet.co.kr/disclosure/good/HPDA21S0.dev 1609783	raw/lp_HPDA21S0.html	354f10f652f11e43c241d2ae7e1bdb99830f45dfdcde0e44212960286dbc2b71	LifePlanet 판매 중지된 상품정보
2026-10-10T02:49:48Z	GET	https://www.lifeplanet.co.kr/disclosure/good/js/HPDA11S0.js?v=20260709	200 https://www.lifeplanet.co.kr/disclosure/good/js/HPDA11S0.js?v=20260709 29242	raw/lp_HPDA11S0.js	59ccc6829aeb0ecbb72b39103f1305533383a382ae1dc02c095da10434218d26	LifePlanet disclosure page JS (download URL)
2026-10-10T02:50:23Z	GET	https://www.lifeplanet.co.kr/common/js/util.js?v=20260709	200 https://www.lifeplanet.co.kr/common/js/util.js?v=20260709 280881	raw/lp_util.js	c76db3e1cbea0dece81490d4e11be36acac27ba98a67ee023539cb716fd42fbd	LifePlanet util.js (util_fileDownload)
2026-10-10T02:50:39Z	POST	https://www.lifeplanet.co.kr/common/file/FileDownload.dev  DATA=fileName=20260701_10043_03.pdf&downloadPathType=0	200 https://www.lifeplanet.co.kr/common/file/FileDownload.dev 1705819	raw/pdf/lp_10043_20260701_03.pdf	f3353a864ab364bb32bdc84b84a2e9f6756f736ccce040c056fa7f1d392e91aa	PDF#2 LifePlanet 교보라플치아보험 약관 (file dated 20260701 attached to period from 20260401)
2026-10-10T02:50:59Z	GET	https://www.metlife.co.kr/sitemap.xml	200 https://www.metlife.co.kr/sitemap.xml 78778	raw/ml_sitemap.xml	eed26bcfe1917f6de6b214a515239c71efbea706dcaf3c34d6d9f993fcb64230	MetLife sitemap
2026-10-10T02:51:12Z	GET	https://www.metlife.co.kr/	200 https://www.metlife.co.kr/ 161216	raw/ml_home.html	fe8ade3037db4d5d643ef1d7a6c8e9b543062f674c13d8f8b99d2bbbb8048f7e	MetLife homepage (find 공시실 link)
2026-10-10T02:51:30Z	GET	https://brand.metlife.co.kr/robots.txt	404 https://brand.metlife.co.kr/robots.txt 4775	raw/robots_brand.metlife.co.kr.txt	3699b51751785b12290206cfe92a9e097909454ddb2c7fef110ae5f7675dd7d1	robots.txt
2026-10-10T02:51:34Z	GET	https://brand.metlife.co.kr/pn/paReal/main.do	200 https://brand.metlife.co.kr/pn/paReal/main.do 8265	raw/ml_pn_main.html	00ba4c4d60a303a544b65aa49bf35c40088ba7aa0f2efa97277a374717cfc1fc	MetLife 공시실 main (menu discovery)
2026-10-10T02:51:43Z	GET	https://brand.metlife.co.kr/pn/paReal/insuProductDisclMain.do	200 https://brand.metlife.co.kr/pn/paReal/insuProductDisclMain.do 10537	raw/ml_insuProductDisclMain.html	197855abc59676b1757c1e109f035bb54803ffe33f8b4e23996c62278262556b	MetLife 보험상품공시 main
2026-10-10T02:51:51Z	GET	https://brand.metlife.co.kr/pn/mcvrgProd/retrieveMcvrgProdMain.do	200 https://brand.metlife.co.kr/pn/mcvrgProd/retrieveMcvrgProdMain.do 1256409	raw/ml_mcvrg.html	97036d8b5cd5a67317a2b8862362e81b3bae425830828100aeb9bba955948dda	MetLife 판매상품목록 main
2026-10-10T02:52:38Z	GET	https://brand.metlife.co.kr/js/pn/CBSPL10T01.js	200 https://brand.metlife.co.kr/js/pn/CBSPL10T01.js 2770	raw/ml_CBSPL10T01.js	30d1cc1def26d534737dd7820ac7ec3686afbf211b99739549404e7f1f1c0971	MetLife list page JS (popup/tab handlers)
2026-10-10T02:52:48Z	GET	https://brand.metlife.co.kr/pn/mcvrgProd/retrieveMcvrgProdPop.do?insProdSeq=403&seq=4182	200 https://brand.metlife.co.kr/pn/mcvrgProd/retrieveMcvrgProdPop.do?insProdSeq=403&seq=4182 4380	raw/ml_pop_403_4182.html	33e129418e3b54d86582811fb67ee34d712c7e9ae9cece69db919e56c5dce998	MetLife 특약보기 popup 더해주고채워주는정기 2026.07.01~
2026-10-10T02:52:52Z	GET	https://brand.metlife.co.kr/pn/mcvrgProd/retrieveMcvrgProdPop.do?insProdSeq=403&seq=3991	200 https://brand.metlife.co.kr/pn/mcvrgProd/retrieveMcvrgProdPop.do?insProdSeq=403&seq=3991 4366	raw/ml_pop_403_3991.html	e543801137f61e271e628109871f8234169ef7dcb3f68c3203d3a7eee72d1e73	MetLife 특약보기 popup 더해주고채워주는정기 2026.04.01~06.30
2026-10-10T02:53:04Z	GET	https://brand.metlife.co.kr/pn/othrTrt/retrieveOthrTrtMain.do	200 https://brand.metlife.co.kr/pn/othrTrt/retrieveOthrTrtMain.do 1755027	raw/ml_othrTrt.html	31b5d2ac561e94f9f103c99204637b1fa4c1e9bebb453f5c7f0a6d30ce685896	MetLife 판매상품 특약 tab
2026-10-10T02:53:09Z	GET	https://brand.metlife.co.kr/pn/saleStop/retrieveSaleStopProdMain.do	200 https://brand.metlife.co.kr/pn/saleStop/retrieveSaleStopProdMain.do 2037454	raw/ml_saleStop.html	0024f5aa49570f604ff8085ee8091ef2031a20d4d81a7203d4c1b9101cabdbea	MetLife 판매중지상품 main
2026-10-10T02:53:37Z	GET	https://www.kblife.co.kr/	200 https://www.kblife.co.kr/ 78	raw/kbl_home.html	f993ad8524a1769ee671f8272d7f14ef6ff2fb01055323927b77f0c4b222dca6	KB라이프 homepage (2nd attempt)
2026-10-10T02:53:44Z	GET	http://notice.kblife.co.kr/	503 http://notice.kblife.co.kr/ 48	raw/kbl_notice.html	4ea4333d628b6660cbd945434759f7ce42a4a66b8955276124926efe64e1adb7	KB라이프 meta-refresh target (notice host)
2026-10-10T02:53:54Z	GET	https://www.kblife.co.kr/robots.txt	ERR28 curl: (28) Operation timed out after 60002 milliseconds with 0 bytes received 000 https://www.kblife.co.kr/robots.txt 0	raw/robots_www.kblife.co.kr.txt		robots.txt (2nd attempt)
2026-10-10T02:54:57Z	GET	https://www.imlifeins.co.kr/	ERR35 curl: (35) OpenSSL SSL_connect: SSL_ERROR_SYSCALL in connection to www.imlifeins.co.kr:443 000 https://www.imlifeins.co.kr/ 0	raw/iml_home.html		iM라이프 homepage (2nd attempt)
2026-10-10T02:55:40Z	GET	https://www.dgbfnlife.com/	ERR35 curl: (35) Recv failure: Connection reset by peer 000 https://www.dgbfnlife.com/ 0	raw/dgb_home.html		iM라이프(구 DGB생명) old domain homepage
2026-10-10T02:55:51Z	GET	https://www.aia.co.kr/ko/index.html	200 https://www.aia.co.kr/ko.html 980933	raw/aia_home.html	d0f53862e97a669cfdf1ad8792798307bb7a9b3c2eb25360e8f8aa33692c9d36	AIA생명 homepage (foreign-owned #2, for comparison)
2026-10-10T02:56:02Z	GET	https://www.shinhanlife.co.kr/robots.txt	ERR28 curl: (28) Operation timed out after 60000 milliseconds with 0 bytes received 000 https://www.shinhanlife.co.kr/robots.txt 0	raw/robots_www.shinhanlife.co.kr.txt		robots.txt (merger case substitute: 신한라이프)
2026-10-10T02:57:13Z	GET	https://www.prudential.co.kr/	ERR56 curl: (56) CONNECT tunnel failed, response 502 000 https://www.prudential.co.kr/ 0	raw/pru_home.html		구 푸르덴셜생명 domain (merged into KB라이프 2023) — redirect check
2026-10-10T02:57:22Z	GET	https://www.kbli.co.kr/	ERR56 curl: (56) CONNECT tunnel failed, response 502 000 https://www.kbli.co.kr/ 0	raw/kbli_home.html		구 KB생명 domain (merged into KB라이프 2023) — redirect check
2026-10-10T02:57:42Z	GET	https://www.aia.co.kr/ko/disclosure/our-products/products-search.html	200 https://mypage.aia.co.kr/AIAHomepage/disclosure/our-products/seacrh/products-search.do 22314	raw/aia_products_search.html	0e7428b101103e257945cc98c4ce92b4c0916b9ab7b122a7178922e021ccc317	AIA 상품공시 검색 page
2026-10-10T02:57:55Z	GET	https://mypage.aia.co.kr/robots.txt	404 https://mypage.aia.co.kr/robots.txt 146	raw/robots_mypage.aia.co.kr.txt	55f7d9e99b8e2d4e0e193b2f0275501e6d9c1ebd29cadbea6a0da48a8587e3e0	robots.txt
2026-10-10T02:57:59Z	GET	https://mypage.aia.co.kr/AIAHomepage/disclosure/our-products/selling/individual.do	200 https://mypage.aia.co.kr/AIAHomepage/disclosure/our-products/selling/individual.do 464772	raw/aia_selling_individual.html	96ba77ecda85434634758900c34b1c123ff2cf8107b32d4948e2e853dca2bf21	AIA 판매상품(개인) list
2026-10-10T02:58:38Z	GET	https://mypage.aia.co.kr/AIAHomepage/disclosure/our-products/stop-selling/individual.do	200 https://mypage.aia.co.kr/AIAHomepage/disclosure/our-products/stop-selling/individual.do 1503147	raw/aia_stop_individual.html	743759d5fb2a55b3d9251db805371830da7708ad58a3495b35606d5e7edfc778	AIA 판매중지상품(개인) list
2026-10-10T02:58:44Z	GET	https://mypage.aia.co.kr/AIAHomepage/disclosure/our-products/stop-selling/rider.do	200 https://mypage.aia.co.kr/AIAHomepage/disclosure/our-products/stop-selling/rider.do 1850856	raw/aia_stop_rider.html	22805fd376cce7767b9e9b6a8c5c4236a2bcbd9935c5d042c37617a5651b1a9b	AIA 판매중지특약 list
2026-10-10T02:59:15Z	HEAD	https://brand.metlife.co.kr/pn/mcvrgProd/mcvrgProdDownloadFile.do?insProdSeq=403&seq=3991&fnum=03	200 https://brand.metlife.co.kr/pn/mcvrgProd/mcvrgProdDownloadFile.do?insProdSeq=403&seq=3991&fnum=03 0	raw/ml_head_403_3991.txt	b34f16e7e8cc5ea7e8b57f873f4c23b8a555bacd9e664f2a5805c1de890509b1	MetLife HEAD 약관 same filename 12199_20260101 for period seq 3991
2026-10-10T02:59:19Z	HEAD	https://brand.metlife.co.kr/pn/mcvrgProd/mcvrgProdDownloadFile.do?insProdSeq=403&seq=3970&fnum=03	200 https://brand.metlife.co.kr/pn/mcvrgProd/mcvrgProdDownloadFile.do?insProdSeq=403&seq=3970&fnum=03 0	raw/ml_head_403_3970.txt	9249cb16a0959306a974af189e96ccc3855f5c09d871ec08cf1c73b8239fb7ad	MetLife HEAD 약관 same filename 12199_20260101 for period seq 3970
2026-10-10T02:59:34Z	GET	https://www.lifeplanet.co.kr/disclosure/prce/HPDB21S0.dev	200 https://www.lifeplanet.co.kr/disclosure/prce/HPDB21S0.dev 772508	raw/lp_HPDB21S0.html	ee6f0b78f1ac0823e4f55b44c40870623b89bec404e133ecae4bbfe5ec87f870	LifePlanet 가격공시실 보장성 (H10)
2026-10-10T03:00:11Z	POST	https://www.samsunglife.com/gw/api/product/disclosure/product/prdt/salesAllPrdtList  DATA=mCode=+&gCode=+&sCode=+&searchYear=+&goodsName=&pageNo=1&pageRows=5	200 https://www.samsunglife.com/gw/api/product/disclosure/product/prdt/salesAllPrdtList 2753	raw/sl_all_p1.json	39fcbe700338dc0b74602e1aee07de109c6fdc96ca93230daa8c8760c70a05cd	Samsung 전체 tab totalRows check (pageRows=5)
2026-10-10T03:00:23Z	POST	https://www.samsunglife.com/gw/api/product/disclosure/product/prdt/salesAllPrdtList  DATA=mCode=+&gCode=+&sCode=+&searchYear=+&goodsName=&pageNo=1&pageRows=7000	200 https://www.samsunglife.com/gw/api/product/disclosure/product/prdt/salesAllPrdtList 3543402	raw/sl_all_full.json	3645dd6bcd4d4011fabce0ea059dc51029e6068c00e1dd13f696f2b43f7086fe	Samsung 전체 tab full (diff vs 판매중+판매중지)
2026-10-10T03:00:49Z	GET	https://brand.metlife.co.kr/pn/mcvrgProd/mcvrgProdDownloadFile.do?insProdSeq=403&seq=4182&fnum=03	200 https://brand.metlife.co.kr/pn/mcvrgProd/mcvrgProdDownloadFile.do?insProdSeq=403&seq=4182&fnum=03 2465495	raw/pdf/ml_403_4182_terms.pdf	c8c84569f06e7e524decf38ec21c3d379c2db350603a11b30a23a68a125c5702	PDF#3 MetLife 더해주고채워주는정기보험 약관 2026.07.01~ (check whether riders are inside)
2026-10-10T03:01:09Z	POST	https://brand.metlife.co.kr/pn/mcvrgProd/retrieveMcvrgProdPop.do  DATA=insProdSeq=403&seq=4182&pageIndex=2	200 https://brand.metlife.co.kr/pn/mcvrgProd/retrieveMcvrgProdPop.do 4354	raw/ml_pop_403_4182_p2.html	41191ad56975914b079831d10f2713af5260f5ac60f2e37437597f0edfcabf39	MetLife 특약보기 popup page 2
