time_utc	method	url	status	file	sha256	purpose
2026-10-10T02:38:32Z	GET	https://www.law.go.kr/robots.txt	curl: (35) Recv failure: Connection reset by peer / 000 https://www.law.go.kr/robots.txt	raw/lawgo_robots.txt	-	robots.txt law.go.kr
2026-10-10T02:38:55Z	GET	https://www.law.go.kr/robots.txt	200 https://www.law.go.kr/robots.txt	raw/lawgo_robots.txt	bdf6e8d2c4792183feb41f8b1440551715d4564d5156cc74e67c54648d013133	robots.txt law.go.kr retry
2026-10-10T02:38:58Z	GET	https://www.fsc.go.kr/robots.txt	200 https://www.fsc.go.kr/robots.txt	raw/fsc_robots.txt	811ff4565bb9120155a7b04fb9ff165d9f91c0628472badcf7bcf42e08b33626	robots.txt fsc
2026-10-10T02:39:01Z	GET	https://www.fss.or.kr/robots.txt	200 https://www.fss.or.kr/error_kor.html	raw/fss_robots.txt	7a583c1db80ce9923830dc29882cadda8f87338a9e957fce971ef40924050436	robots.txt fss
2026-10-10T02:39:13Z	GET	https://www.law.go.kr/%EB%B2%95%EB%A0%B9/%EB%B3%B4%ED%97%98%EC%97%85%EB%B2%95	200 https://www.law.go.kr/%EB%B2%95%EB%A0%B9/%EB%B3%B4%ED%97%98%EC%97%85%EB%B2%95	raw/law_insact_main.html	6fe2062ffc692925775c5c1fc4d5bc9f0b89a1b60c900fcaa4f8b94ace86059e	보험업법 main page
2026-10-10T02:39:23Z	POST	https://www.law.go.kr/LSW/lsInfoR.do	200 https://www.law.go.kr/LSW/lsInfoR.do	raw/law_insact_R.html	d40cd0e09e5017b548472c006730937fc1a1fe971005e8c2e5fb65cec32e5fd5	보험업법 full text (lsInfoR POST)
2026-10-10T02:39:46Z	GET	https://www.law.go.kr/%EB%B2%95%EB%A0%B9/%EB%B3%B4%ED%97%98%EC%97%85%EB%B2%95%EC%8B%9C%ED%96%89%EB%A0%B9	curl: (35) Recv failure: Connection reset by peer / 000 https://www.law.go.kr/%EB%B2%95%EB%A0%B9/%EB%B3%B4%ED%97%98%EC%97%85%EB%B2%95%EC%8B%9C%ED%96%89%EB%A0%B9	raw/law_insdecree_main.html	-	보험업법 시행령 main page
2026-10-10T02:40:03Z	GET	https://www.law.go.kr/%EB%B2%95%EB%A0%B9/%EB%B3%B4%ED%97%98%EC%97%85%EB%B2%95%EC%8B%9C%ED%96%89%EB%A0%B9	curl: (35) Recv failure: Connection reset by peer / 000 https://www.law.go.kr/%EB%B2%95%EB%A0%B9/%EB%B3%B4%ED%97%98%EC%97%85%EB%B2%95%EC%8B%9C%ED%96%89%EB%A0%B9	raw/law_insdecree_main.html	-	보험업법 시행령 main page retry
2026-10-10T02:40:34Z	GET	https://www.law.go.kr/LSW/lsInfoP.do?lsNm=%EB%B3%B4%ED%97%98%EC%97%85%EB%B2%95+%EC%8B%9C%ED%96%89%EB%A0%B9	200 https://www.law.go.kr/LSW/lsInfoP.do?lsNm=%EB%B3%B4%ED%97%98%EC%97%85%EB%B2%95+%EC%8B%9C%ED%96%89%EB%A0%B9	raw/law_insdecree_main.html	d19a0d8c5472d29c1ce16e2cbb21036d2a2da184c2d6703746911c3a3d9eb7a9	보험업법 시행령 lsInfoP by name
2026-10-10T02:40:48Z	POST	https://www.law.go.kr/LSW/lsInfoR.do	200 https://www.law.go.kr/LSW/lsInfoR.do	raw/law_insdecree_R.html	ab90691d495e10bfdf7231fe95b2552e015145415dd7c5a5f1e22b0a9a31df57	보험업법 시행령 full text
2026-10-10T02:41:20Z	GET	https://www.law.go.kr/%ED%96%89%EC%A0%95%EA%B7%9C%EC%B9%99/%EB%B3%B4%ED%97%98%EC%97%85%EA%B0%90%EB%8F%85%EA%B7%9C%EC%A0%95	200 https://www.law.go.kr/%ED%96%89%EC%A0%95%EA%B7%9C%EC%B9%99/%EB%B3%B4%ED%97%98%EC%97%85%EA%B0%90%EB%8F%85%EA%B7%9C%EC%A0%95	raw/adm_supreg_main.html	7dd0afd137dd71124acf5382c5a543a992ab8d75fd2d865191e7599a3b713d9f	보험업감독규정 main page
2026-10-10T02:41:30Z	GET	https://www.law.go.kr/LSW/admRulInfoP.do?admRulSeq=2100000279112&chrClsCd=010201	200 https://www.law.go.kr/LSW/admRulInfoP.do?admRulSeq=2100000279112&chrClsCd=010201	raw/adm_supreg_P.html	1b9c038646f53b2f0725bd097b479b2025dd4e1c5f81f4cbd5470efde54444e4	보험업감독규정 admRulInfoP
2026-10-10T02:41:48Z	POST	https://www.law.go.kr/LSW/admRulLsInfoR.do	200 https://www.law.go.kr/LSW/admRulLsInfoR.do	raw/adm_supreg_R.html	8e9d9fffb31be6c596566d806f2a3b94066fa6084465bbc339b29351599ae79f	보험업감독규정 full text
2026-10-10T02:42:31Z	GET	https://www.law.go.kr/%ED%96%89%EC%A0%95%EA%B7%9C%EC%B9%99/%EB%B3%B4%ED%97%98%EC%97%85%EA%B0%90%EB%8F%85%EC%97%85%EB%AC%B4%EC%8B%9C%ED%96%89%EC%84%B8%EC%B9%99	200 https://www.law.go.kr/%ED%96%89%EC%A0%95%EA%B7%9C%EC%B9%99/%EB%B3%B4%ED%97%98%EC%97%85%EA%B0%90%EB%8F%85%EC%97%85%EB%AC%B4%EC%8B%9C%ED%96%89%EC%84%B8%EC%B9%99	raw/adm_detail_main.html	19fbd3dd5f32489c6c9aaeda49107dceb6f9d4eb52485158b3cb5e83423f52b9	보험업감독업무시행세칙 main page
2026-10-10T02:42:36Z	POST	https://www.law.go.kr/LSW/admRulLsInfoR.do	200 https://www.law.go.kr/LSW/admRulLsInfoR.do	raw/adm_detail_R.html	649e955fc7bcb660cab65204688821cb91128dba26fdf51c31cf0e0fdb2163c1	보험업감독업무시행세칙 full text
2026-10-10T02:44:00Z	GET	https://www.fsc.go.kr/po010105/84901	curl: (35) Recv failure: Connection reset by peer / 000 https://www.fsc.go.kr/po010105/84901	raw/fsc_84901.html	-	FSC 보도참고 MG손보 가교보험사
2026-10-10T02:44:29Z	GET	https://www.fsc.go.kr/po010105/84901	200 https://www.fsc.go.kr/po010105/84901	raw/fsc_84901.html	df70a6253d317a1c148305dac24be965d42de985b428ee58b73560c87f09d9b7	FSC 보도참고 MG손보 가교보험사 retry
2026-10-10T02:45:02Z	GET	https://www.fsc.go.kr/no010101/85232	200 https://www.fsc.go.kr/no010101/85232	raw/fsc_85232.html	f287087230bc6fb292d96f81ba34ddb08485e8859e3f409ca92cdec42fb2100b	FSC 보도자료 MG손보 계약 예별손보 이전
2026-10-10T02:45:20Z	GET	https://www.kdic.or.kr/robots.txt	200 https://www.kdic.or.kr/robots.txt	raw/kdic_robots.txt	55618d44545a78124d4b2b0d3e5590f5bd8a9464e0dd47e7b0ca144b17bf252b	robots kdic
2026-10-10T02:45:25Z	GET	https://www.yebyeol.co.kr/robots.txt	200 https://www.yebyeol.co.kr/robots.txt	raw/yebyeol_robots.txt	92e95eaa1454e7d8a56470bf8efe968cc856987e3f18f0cfff08bf14ae9df851	robots 예별손보 (guess domain)
2026-10-10T02:45:37Z	GET	https://www.mggeneralins.com/robots.txt	200 https://www.mggeneralins.com/robots.txt	raw/mg_robots.txt	05b3bc88d0b9d9fcce14b0da888cd3d8dae6702158e10f84e4b4e512362be170	robots MG손보 legacy domain
2026-10-10T02:45:41Z	GET	https://www.mggeneralins.com/	200 https://www.yebyeol.co.kr/HO011010DM.scp	raw/mg_home.html	d0edbaf4e3a6029dffdbb85ba4810f8459f971ccd376349683da309708f74876	MG손보 legacy home - redirect check
2026-10-10T02:46:00Z	GET	https://www.yebyeol.co.kr/PB031210DM.scp?menuId=MN0803006	curl: (35) Recv failure: Connection reset by peer / 000 https://www.yebyeol.co.kr/PB031210DM.scp?menuId=MN0803006	raw/yb_PB031210.html	-	예별손보 보험상품목록/약관찾기 page
2026-10-10T02:46:17Z	GET	https://www.yebyeol.co.kr/PB031210DM.scp?menuId=MN0803006	200 https://www.yebyeol.co.kr/PB031210DM.scp?menuId=MN0803006	raw/yb_PB031210.html	48c4a16017b5d0091ea1b7d1d72c3964af6d9cc145034ae4668197fc7045b557	예별손보 보험상품목록/약관찾기 page retry
2026-10-10T02:46:49Z	GET	https://www.yebyeol.co.kr/webdocs/biz/pb/pb031210dm.js	200 https://www.yebyeol.co.kr/webdocs/biz/pb/pb031210dm.js	raw/yb_pb031210dm.js	b8f5e87756c283d1e6ec5e7ba692ca9ac7e1db5213ad732bc3e0a38a4e96afbd	예별 상품목록 JS (endpoint discovery)
2026-10-10T02:47:07Z	GET	https://www.yebyeol.co.kr/webdocs/resources/scripts/common/connectionImpl_ajax.js	200 https://www.yebyeol.co.kr/webdocs/resources/scripts/common/connectionImpl_ajax.js	raw/yb_connImpl.js	720c8af81710d2170b2d0e3b8e74d12672474675882df23ee40f2d9ac4946eca	예별 ajax helper JS (endpoint pattern)
2026-10-10T02:47:20Z	GET	https://www.yebyeol.co.kr/webdocs/com/common/js/cubeAjax.js	200 https://www.yebyeol.co.kr/webdocs/com/common/js/cubeAjax.js	raw/yb_cubeAjax.js	fcd84417b43fcc67dc996c3607c681405e7a9011b5602edfc0e5c6870311a013	예별 cubeAjax JS (sendData URL)
2026-10-10T02:47:47Z	GET	https://www.fsc.go.kr/no010101/75900	200 https://www.fsc.go.kr/no010101/75900	raw/fsc_75900.html	5826da42c4dbdc7607a3e765ed6f4b7971328164454ec35b8d50ddacb4319b17	FSC 신한생명-오렌지라이프 합병 인가
2026-10-10T02:47:52Z	GET	https://www.fsc.go.kr/no020101/79320	200 https://www.fsc.go.kr/no020101/79320	raw/fsc_no020101_79320.html	478faf43a2d4b5cda5d44774164a1188de600d9d398669ed28af49fbb50ff9e0	FSC 의결정보 2022 제21차 (푸르덴셜-KB생명 합병 인가)
2026-10-10T02:48:13Z	GET	https://www.kblife.co.kr/robots.txt	curl: (35) Recv failure: Connection reset by peer / 000 https://www.kblife.co.kr/robots.txt	raw/kblife_robots.txt	-	robots KB라이프
2026-10-10T02:48:23Z	GET	https://www.shinhanlife.co.kr/robots.txt	curl: (28) Operation timed out after 60002 milliseconds with 0 bytes received / 000 https://www.shinhanlife.co.kr/robots.txt	raw/shinhanlife_robots.txt	-	robots 신한라이프
2026-10-10T02:50:12Z	GET	https://www.fsc.go.kr/no010101/86831	curl: (35) Recv failure: Connection reset by peer / 000 https://www.fsc.go.kr/no010101/86831	raw/fsc_86831.html	-	FSC 5세대 실손 출시 보도자료
2026-10-10T02:50:37Z	GET	https://www.fsc.go.kr/no010101/86831	curl: (35) Recv failure: Connection reset by peer / 000 https://www.fsc.go.kr/no010101/86831	raw/fsc_86831.html	-	FSC 5세대 실손 출시 보도자료 retry
2026-10-10T02:51:13Z	GET(WebFetch)	https://www.fsc.go.kr/no010101/86831	ok(WebFetch summary)	-	-	5세대 실손 보도자료 (curl 2회 실패 후 WebFetch)
2026-10-10T02:51:43Z	GET(WebFetch)	https://www.fsc.go.kr/no010101/84272	ok(WebFetch summary)	-	-	실손 개혁방안 2025-04-01
2026-10-10T02:51:43Z	GET(WebFetch)	https://www.fsc.go.kr/no010101/76157	ok(WebFetch summary)	-	-	4세대 실손 출시 2021-06-29
2026-10-10T02:52:11Z	GET	https://www.law.go.kr/LSW/flDownload.do?flSeq=168885301&bylClsCd=200201	curl: (35) Recv failure: Connection reset by peer / 000 https://www.law.go.kr/LSW/flDownload.do?flSeq=168885301&bylClsCd=200201	raw/detail_byl15_standard_terms.pdf	-	시행세칙 별표15 표준약관 PDF (갱신/재가입 조항 확인)
2026-10-10T02:52:35Z	GET	https://www.law.go.kr/LSW/flDownload.do?flSeq=168885301&bylClsCd=200201	curl: (35) Recv failure: Connection reset by peer / 000 https://www.law.go.kr/LSW/flDownload.do?flSeq=168885301&bylClsCd=200201	raw/detail_byl15_standard_terms.pdf	-	시행세칙 별표15 표준약관 PDF retry
2026-10-10T02:53:25Z	GET	https://www.law.go.kr/LSW/flDownload.do?flSeq=168885301&bylClsCd=200201	200 https://www.law.go.kr/LSW/flDownload.do?flSeq=168885301&bylClsCd=200201	raw/detail_byl15_standard_terms.pdf	477680ce119225fa12717773ac5a378fe0237b40a56428e6209f00c62fd398c3	시행세칙 별표15 표준약관 PDF retry2
2026-10-10T02:54:15Z	GET	https://www.law.go.kr/LSW/lsInfoP.do?lsNm=%EA%B8%88%EC%9C%B5%EC%86%8C%EB%B9%84%EC%9E%90+%EB%B3%B4%ED%98%B8%EC%97%90+%EA%B4%80%ED%95%9C+%EB%B2%95%EB%A5%A0+%EC%8B%9C%ED%96%89%EB%A0%B9	curl: (35) Recv failure: Connection reset by peer / 000 https://www.law.go.kr/LSW/lsInfoP.do?lsNm=%EA%B8%88%EC%9C%B5%EC%86%8C%EB%B9%84%EC%9E%90+%EB%B3%B4%ED%98%B8%EC%97%90+%EA%B4%80%ED%95%9C+%EB%B2%95%EB%A5%A0+%EC%8B%9C%ED%96%89%EB%A0%B9	raw/law_fcpa_decree_P.html	-	금소법 시행령 lsInfoP
2026-10-10T02:54:24Z	POST	https://www.law.go.kr/LSW/lsInfoR.do	200 https://www.law.go.kr/LSW/lsInfoR.do	raw/law_fcpa_decree_R.html	47c8a340efe2d0c7c6be35327ad3d1629e33599228256ddf1fe687cc964f16cc	금소법 시행령 full text
2026-10-10T02:54:43Z	GET	https://finlife.fss.or.kr/robots.txt	200 https://finlife.fss.or.kr/error_kor.html	raw/finlife_robots.txt	7a583c1db80ce9923830dc29882cadda8f87338a9e957fce971ef40924050436	robots finlife
2026-10-10T02:54:46Z	GET	https://finlife.fss.or.kr/finlife/api/fncCoApi/list.do?menuNo=700051	200 https://finlife.fss.or.kr/error_kor.html	raw/finlife_api_guide.html	7a583c1db80ce9923830dc29882cadda8f87338a9e957fce971ef40924050436	finlife open API 안내 (상품코드 필드 확인)
2026-10-10T02:55:39Z	GET	https://www.chubb.com/robots.txt	200 https://www.chubb.com/robots.txt	raw/chubb_robots.txt	b34059bccc838fafb1c7663775ce1974d0b4f8aa6083d6bf035f8af3fa39bcfa	robots chubb.com
2026-10-10T02:55:42Z	GET	https://www.chubb.com/kr-kr/about-chubb/history.html	200 https://www.chubb.com/kr-kr/about-chubb/history.html	raw/chubb_kr_history.html	c864fe35123c0f920ba26e23e134170248957c8c85eb467068f87f1efc9e19a7	처브 한국 연혁 (에이스손보→라이나손보 브랜드)
2026-10-10T02:56:44Z	GET	https://dart.fss.or.kr/robots.txt	200 https://dart.fss.or.kr/robots.txt	raw/dart_robots.txt	5d18398c4c6c805a6b316d9656ef4c979882afae61260164f97ed6ecdd7ec5d6	robots DART
2026-10-10T02:56:47Z	GET	https://www.fss.or.kr/	200 https://www.fss.or.kr/	raw/fss_home.html	7a583c1db80ce9923830dc29882cadda8f87338a9e957fce971ef40924050436	FSS home (outage check)
2026-10-10T02:57:01Z	GET	https://www.law.go.kr/LSW/lsInfoP.do?lsNm=%EA%B8%88%EC%9C%B5%EC%86%8C%EB%B9%84%EC%9E%90+%EB%B3%B4%ED%98%B8%EC%97%90+%EA%B4%80%ED%95%9C+%EB%B2%95%EB%A5%A0+%EC%8B%9C%ED%96%89%EB%A0%B9	200 https://www.law.go.kr/LSW/lsInfoP.do?lsNm=%EA%B8%88%EC%9C%B5%EC%86%8C%EB%B9%84%EC%9E%90+%EB%B3%B4%ED%98%B8%EC%97%90+%EA%B4%80%ED%95%9C+%EB%B2%95%EB%A5%A0+%EC%8B%9C%ED%96%89%EB%A0%B9	raw/law_fcpa_P.html	e68494870d95e2d1e76738c564fe82a8828b2352a4e469622b2db42c0a489e15	금소법 시행령 lsInfoP retry
2026-10-10T02:57:11Z	POST	https://www.law.go.kr/LSW/lsInfoR.do	curl: (35) Recv failure: Connection reset by peer / 000 https://www.law.go.kr/LSW/lsInfoR.do	raw/law_fcpa_decree_R.html	47c8a340efe2d0c7c6be35327ad3d1629e33599228256ddf1fe687cc964f16cc	금소법 시행령 full text
2026-10-10T02:57:47Z	POST	https://www.law.go.kr/LSW/lsInfoR.do	200 https://www.law.go.kr/LSW/lsInfoR.do	raw/law_fcpa_decree_R.html	aeb90a7d238179849454c2e37d4de8b4bc31c45d25c61bd79a97ed9e4742ca5d	금소법 시행령 full text retry
2026-10-10T02:58:06Z	GET	https://www.kblife.co.kr/robots.txt	curl: (28) Operation timed out after 60001 milliseconds with 0 bytes received / 000 https://www.kblife.co.kr/robots.txt	raw/kblife_robots.txt	-	robots KB라이프 retry
2026-10-10T02:59:08Z	GET	https://www.imlifeins.co.kr/robots.txt	curl: (35) OpenSSL SSL_connect: SSL_ERROR_SYSCALL in connection to www.imlifeins.co.kr:443  / 000 https://www.imlifeins.co.kr/robots.txt	raw/imlife_robots.txt	-	robots iM라이프 (domain guess)
2026-10-10T02:59:42Z	GET	https://www.hanainsure.co.kr/robots.txt	200 https://www.hanainsure.co.kr/robots.txt	raw/hanains_robots.txt	ec75538cc5813b1cf00e8030aec32d0c6f16d7a77589efe3b864c450bff242a7	robots 하나손보
2026-10-10T02:59:54Z	GET	https://www.hanainsure.co.kr/	200 https://www.hanainsure.co.kr/	raw/hanains_home.html	b134c5794957dd0973b4730cf74f08210a58752a07afbfbd4c9837f57022d570	하나손보 home (공시실 링크 탐색)
2026-10-10T03:00:05Z	GET	https://www.hanainsure.co.kr/w/disclosure/product/saleProduct	200 https://www.hanainsure.co.kr/w/disclosure/product/saleProduct	raw/hanains_saleProduct.html	eb6dccfb244366e852aa585e4b5355e4838355a993b197791fab33cd5b9399cd	하나손보 상품공시 판매상품
2026-10-10T03:00:29Z	POST	https://www.hanainsure.co.kr/w/disclosure/product/searchProduct.json	400 https://www.hanainsure.co.kr/w/disclosure/product/searchProduct.json	raw/hanains_search_stop_thek.json	94c9e2f2288b3147934b725342473a873b6bcfc9101666126ea4324de19b638a	하나손보 판매중지 상품 검색 '더케이' (구 사명 상품 존재 확인)
2026-10-10T03:00:40Z	POST	https://www.hanainsure.co.kr/w/disclosure/product/searchProduct.json	200 https://www.hanainsure.co.kr/w/disclosure/product/searchProduct.json	raw/hanains_search_stop_thek2.json	9ac0b0b2f17d87e1e3aa7500981433c56748f8f6635e0458d7bef140ab313330	하나손보 판매중지 '더케이' 검색 (JSON body)
2026-10-10T03:00:50Z	POST	https://www.hanainsure.co.kr/w/disclosure/product/searchProduct.json	200 https://www.hanainsure.co.kr/w/disclosure/product/searchProduct.json	raw/hanains_search_stop_all.json	5d2dbad14aa74bcbc813fb3e30c680f002ad90305bfc38ca18a696a6a33c9c7e	하나손보 판매중지 전체 검색 (총건수/가장 오래된 판매기간)
2026-10-10T03:01:02Z	POST	https://www.hanainsure.co.kr/w/disclosure/product/searchProduct.json	200 https://www.hanainsure.co.kr/w/disclosure/product/searchProduct.json	raw/hanains_search_stop_last.json	bcd2a5550dfcb9635f393f90f666e611ed0fbcd0e64952d99b3f852eaa350b49	하나손보 판매중지 마지막 페이지 (가장 오래된 판매기간)
2026-10-10T03:01:16Z	GET	https://www.kblife.co.kr/robots.txt	curl: (28) Operation timed out after 60002 milliseconds with 0 bytes received / 000 https://www.kblife.co.kr/robots.txt	raw/kblife_robots_3.txt	-	robots KB라이프 3rd try
